,month_normalized,month,countryname,sales_actuals_monthly__vehiclegroup01__orderintake,sales_actuals_monthly__vehiclegroup01__retail,customer_vehicle_relationships__vehiclegroup01__terminated_cars,customer_vehicle_relationships__vehiclegroup01__active_cars,leasing_contracts__vehiclegroup01__end,leasing_contracts__vehiclegroup01__start,sales_flow_monthly__vehiclegroup01__cp8_meanbymonth,sales_flow_monthly__vehiclegroup01__cp8_interpolated_linear,sales_flow_monthly__vehiclegroup01__cp8_fill_zero,sales_stock_monthly__vehiclegroup01__physical_meanbymonth,sales_stock_monthly__vehiclegroup01__physical_interpolated_linear,sales_stock_monthly__vehiclegroup01__physical_fill_zero,sales_stock_monthly__vehiclegroup01__grossall_meanbymonth,sales_stock_monthly__vehiclegroup01__grossall_interpolated_linear,sales_stock_monthly__vehiclegroup01__grossall_fill_zero,sales_stock_monthly__vehiclegroup01__netimporteranddealer_meanbymonth,sales_stock_monthly__vehiclegroup01__netimporteranddealer_interpolated_linear,sales_stock_monthly__vehiclegroup01__netimporteranddealer_fill_zero,leads__vehiclegroup01__won_meanbymonth,leads__vehiclegroup01__won_interpolated_linear,leads__vehiclegroup01__won_fill_zero,leads__vehiclegroup01__first_touch_point_meanbymonth,leads__vehiclegroup01__first_touch_point_interpolated_linear,leads__vehiclegroup01__first_touch_point_fill_zero,leads__vehiclegroup01__lost_meanbymonth,leads__vehiclegroup01__lost_interpolated_linear,leads__vehiclegroup01__lost_fill_zero,premises__vehiclegroup01__flag_order_start_meanbymonth,premises__vehiclegroup01__flag_order_start_interpolated_linear,premises__vehiclegroup01__flag_order_start_fill_zero,premises__vehiclegroup01__in_sales_meanbymonth,premises__vehiclegroup01__in_sales_interpolated_linear,premises__vehiclegroup01__in_sales_fill_zero,premises__vehiclegroup01__flag_production_start_meanbymonth,premises__vehiclegroup01__flag_production_start_interpolated_linear,premises__vehiclegroup01__flag_production_start_fill_zero,premises__vehiclegroup01__in_production_meanbymonth,premises__vehiclegroup01__in_production_interpolated_linear,premises__vehiclegroup01__in_production_fill_zero,quota__vehiclegroup01__aq_meanbymonth,quota__vehiclegroup01__aq_interpolated_linear,quota__vehiclegroup01__aq_fill_zero
0,1,1,Country A,296.0,352.0,0.0,25.0,0.0,81.0,175.88888888888889,2.0,0.0,495.0,0.0,0.0,537.7777777777778,626.0,0.0,643.1111111111111,848.0,0.0,316.0,0.0,0.0,112.29411764705883,0.0,0.0,108.29411764705883,0.0,0.0,92.55555555555556,0.0,0.0,253.05555555555554,0.0,0.0,11.11111111111111,0.0,0.0,351.8888888888889,0.0,0.0,182.5625,83.0,0.0
1,2,2,Country A,414.0,372.0,1.0,102.0,4.0,130.0,245.88888888888889,2.0,0.0,513.0,0.0,0.0,615.1111111111111,626.0,0.0,593.4444444444445,848.0,0.0,327.1764705882353,0.0,0.0,118.58823529411765,0.0,0.0,112.6470588235294,0.0,0.0,27.77777777777778,0.0,0.0,257.6666666666667,0.0,0.0,55.55555555555556,0.0,0.0,363.22222222222223,0.0,0.0,287.375,83.0,0.0
2,3,3,Country A,405.0,604.0,2.0,152.0,2.0,145.0,273.8,2.0,0.0,473.77777777777777,0.0,0.0,580.3333333333334,626.0,0.0,513.8888888888889,848.0,0.0,457.05882352941177,0.0,0.0,136.2941176470588,0.0,0.0,130.2941176470588,0.0,0.0,55.611111111111114,0.0,0.0,265.3888888888889,0.0,0.0,5.555555555555555,0.0,0.0,356.0,0.0,0.0,345.0,83.0,0.0
3,4,4,Country A,359.0,483.0,2.0,75.0,2.0,183.0,270.1,2.0,0.0,420.44444444444446,0.0,0.0,506.55555555555554,626.0,0.0,437.22222222222223,848.0,0.0,366.4117647058824,0.0,0.0,111.05882352941177,0.0,0.0,121.3529411764706,0.0,0.0,0.0,0.0,0.0,229.88888888888889,0.0,0.0,83.33333333333333,0.0,0.0,374.55555555555554,0.0,0.0,329.4375,83.0,0.0
4,5,5,Country A,403.0,474.0,10.0,91.0,4.0,201.0,268.4,2.0,0.0,372.55555555555554,0.0,0.0,431.6666666666667,626.0,0.0,371.0,848.0,0.0,349.70588235294116,0.0,0.0,110.52941176470588,0.0,0.0,123.0,0.0,0.0,46.27777777777778,0.0,0.0,237.61111111111111,0.0,0.0,72.22222222222223,0.0,0.0,393.05555555555554,0.0,0.0,343.5,83.0,0.0
5,6,6,Country A,196.0,456.0,2.0,55.0,2.0,156.0,352.8,2.0,0.0,389.44444444444446,0.0,0.0,468.0,626.0,0.0,376.0,848.0,0.0,338.6470588235294,0.0,0.0,108.88235294117646,0.0,0.0,121.58823529411765,0.0,0.0,92.61111111111111,0.0,0.0,251.44444444444446,0.0,0.0,44.44444444444444,0.0,0.0,404.5,0.0,0.0,370.1875,83.0,0.0
6,7,7,Country A,387.0,533.0,7.0,166.0,4.0,215.0,268.22222222222223,2.0,0.0,412.25,0.0,0.0,452.375,626.0,0.0,467.375,848.0,0.0,318.0625,0.0,0.0,104.1875,0.0,0.0,106.625,0.0,0.0,39.1764705882353,0.0,0.0,233.58823529411765,0.0,0.0,35.294117647058826,0.0,0.0,395.29411764705884,0.0,0.0,378.93333333333334,83.0,0.0
7,8,8,Country A,281.0,224.0,10.0,189.0,13.0,163.0,24.666666666666668,2.0,0.0,238.5,0.0,0.0,287.75,626.0,0.0,361.875,848.0,0.0,276.875,0.0,0.0,93.1875,0.0,0.0,94.1875,0.0,0.0,46.333333333333336,0.0,0.0,228.33333333333334,0.0,0.0,55.55555555555556,0.0,0.0,331.94444444444446,0.0,0.0,73.71428571428571,83.0,0.0
8,9,9,Country A,246.0,309.0,19.0,194.0,36.0,78.0,226.0,2.0,0.0,272.5,0.0,0.0,361.0,626.0,0.0,384.5,848.0,0.0,277.3125,0.0,0.0,98.875,0.0,0.0,90.9375,0.0,0.0,74.05555555555556,0.0,0.0,239.22222222222223,0.0,0.0,116.66666666666667,0.0,0.0,361.8333333333333,0.0,0.0,319.73333333333335,83.0,0.0
9,10,10,Country A,290.0,365.0,14.0,159.0,13.0,131.0,240.77777777777777,2.0,0.0,373.75,0.0,0.0,414.625,626.0,0.0,476.375,848.0,0.0,273.47058823529414,0.0,0.0,156.88235294117646,0.0,0.0,111.47058823529412,0.0,0.0,101.88888888888889,0.0,0.0,256.22222222222223,0.0,0.0,72.22222222222223,0.0,0.0,378.8888888888889,0.0,0.0,327.4375,83.0,0.0
10,11,11,Country A,310.0,369.0,23.0,237.0,21.0,152.0,286.6666666666667,2.0,0.0,506.375,0.0,0.0,521.125,626.0,0.0,599.0,848.0,0.0,283.7647058823529,0.0,0.0,104.52941176470588,0.0,0.0,111.29411764705883,0.0,0.0,46.27777777777778,0.0,0.0,233.05555555555554,0.0,0.0,111.11111111111111,0.0,0.0,387.44444444444446,0.0,0.0,308.75,83.0,0.0
11,0,12,Country A,189.0,283.0,25.0,182.0,36.0,135.0,243.11111111111111,2.0,0.0,550.375,0.0,0.0,529.375,626.0,0.0,588.5,848.0,0.0,323.75,0.0,0.0,93.5,0.0,0.0,162.25,0.0,0.0,37.05555555555556,0.0,0.0,239.22222222222223,0.0,0.0,22.22222222222222,0.0,0.0,390.27777777777777,0.0,0.0,235.875,83.0,0.0
12,1,13,Country A,353.0,373.0,28.0,184.0,34.0,119.0,175.88888888888889,2.0,0.0,495.0,0.0,0.0,537.7777777777778,626.0,0.0,643.1111111111111,848.0,0.0,316.0,0.0,0.0,112.29411764705883,0.0,0.0,108.29411764705883,0.0,0.0,92.55555555555556,0.0,0.0,253.05555555555554,0.0,0.0,11.11111111111111,0.0,0.0,351.8888888888889,0.0,0.0,182.5625,83.0,0.0
13,2,14,Country A,361.0,381.0,38.0,375.0,36.0,151.0,245.88888888888889,2.0,0.0,513.0,0.0,0.0,615.1111111111111,626.0,0.0,593.4444444444445,848.0,0.0,327.1764705882353,0.0,0.0,118.58823529411765,0.0,0.0,112.6470588235294,0.0,0.0,27.77777777777778,0.0,0.0,257.6666666666667,0.0,0.0,55.55555555555556,0.0,0.0,363.22222222222223,0.0,0.0,287.375,83.0,0.0
14,3,15,Country A,322.0,494.0,33.0,301.0,66.0,228.0,273.8,2.0,0.0,473.77777777777777,0.0,0.0,580.3333333333334,626.0,0.0,513.8888888888889,848.0,0.0,457.05882352941177,0.0,0.0,136.2941176470588,0.0,0.0,130.2941176470588,0.0,0.0,55.611111111111114,0.0,0.0,265.3888888888889,0.0,0.0,5.555555555555555,0.0,0.0,356.0,0.0,0.0,345.0,83.0,0.0
15,4,16,Country A,294.0,510.0,37.0,340.0,53.0,233.0,270.1,2.0,0.0,420.44444444444446,0.0,0.0,506.55555555555554,626.0,0.0,437.22222222222223,848.0,0.0,366.4117647058824,0.0,0.0,111.05882352941177,0.0,0.0,121.3529411764706,0.0,0.0,0.0,0.0,0.0,229.88888888888889,0.0,0.0,83.33333333333333,0.0,0.0,374.55555555555554,0.0,0.0,329.4375,83.0,0.0
16,5,17,Country A,305.0,512.0,94.0,706.0,82.0,247.0,268.4,2.0,0.0,372.55555555555554,0.0,0.0,431.6666666666667,626.0,0.0,371.0,848.0,0.0,349.70588235294116,0.0,0.0,110.52941176470588,0.0,0.0,123.0,0.0,0.0,46.27777777777778,0.0,0.0,237.61111111111111,0.0,0.0,72.22222222222223,0.0,0.0,393.05555555555554,0.0,0.0,343.5,83.0,0.0
17,6,18,Country A,238.0,401.0,72.0,489.0,42.0,235.0,352.8,2.0,0.0,389.44444444444446,0.0,0.0,468.0,626.0,0.0,376.0,848.0,0.0,338.6470588235294,0.0,0.0,108.88235294117646,0.0,0.0,121.58823529411765,0.0,0.0,92.61111111111111,0.0,0.0,251.44444444444446,0.0,0.0,44.44444444444444,0.0,0.0,404.5,0.0,0.0,370.1875,83.0,0.0
18,7,19,Country A,482.0,445.0,111.0,464.0,47.0,239.0,268.22222222222223,2.0,0.0,412.25,0.0,0.0,452.375,626.0,0.0,467.375,848.0,0.0,318.0625,0.0,0.0,104.1875,0.0,0.0,106.625,0.0,0.0,39.1764705882353,0.0,0.0,233.58823529411765,0.0,0.0,35.294117647058826,0.0,0.0,395.29411764705884,0.0,0.0,378.93333333333334,83.0,0.0
19,8,20,Country A,435.0,246.0,33.0,200.0,76.0,162.0,24.666666666666668,2.0,0.0,238.5,0.0,0.0,287.75,626.0,0.0,361.875,848.0,0.0,276.875,0.0,0.0,93.1875,0.0,0.0,94.1875,0.0,0.0,46.333333333333336,0.0,0.0,228.33333333333334,0.0,0.0,55.55555555555556,0.0,0.0,331.94444444444446,0.0,0.0,73.71428571428571,83.0,0.0
20,9,21,Country A,424.0,420.0,27.0,169.0,97.0,176.0,226.0,2.0,0.0,272.5,0.0,0.0,361.0,626.0,0.0,384.5,848.0,0.0,277.3125,0.0,0.0,98.875,0.0,0.0,90.9375,0.0,0.0,74.05555555555556,0.0,0.0,239.22222222222223,0.0,0.0,116.66666666666667,0.0,0.0,361.8333333333333,0.0,0.0,319.73333333333335,83.0,0.0
21,10,22,Country A,433.0,548.0,42.0,182.0,97.0,237.0,240.77777777777777,2.0,0.0,373.75,0.0,0.0,414.625,626.0,0.0,476.375,848.0,0.0,273.47058823529414,0.0,0.0,156.88235294117646,0.0,0.0,111.47058823529412,0.0,0.0,101.88888888888889,0.0,0.0,256.22222222222223,0.0,0.0,72.22222222222223,0.0,0.0,378.8888888888889,0.0,0.0,327.4375,83.0,0.0
22,11,23,Country A,370.0,355.0,57.0,250.0,89.0,211.0,286.6666666666667,2.0,0.0,506.375,0.0,0.0,521.125,626.0,0.0,599.0,848.0,0.0,283.7647058823529,0.0,0.0,104.52941176470588,0.0,0.0,111.29411764705883,0.0,0.0,46.27777777777778,0.0,0.0,233.05555555555554,0.0,0.0,111.11111111111111,0.0,0.0,387.44444444444446,0.0,0.0,308.75,83.0,0.0
23,0,24,Country A,324.0,283.0,33.0,129.0,74.0,128.0,243.11111111111111,2.0,0.0,550.375,0.0,0.0,529.375,626.0,0.0,588.5,848.0,0.0,323.75,0.0,0.0,93.5,0.0,0.0,162.25,0.0,0.0,37.05555555555556,0.0,0.0,239.22222222222223,0.0,0.0,22.22222222222222,0.0,0.0,390.27777777777777,0.0,0.0,235.875,83.0,0.0
24,1,25,Country A,390.0,510.0,56.0,199.0,95.0,161.0,175.88888888888889,2.0,0.0,495.0,0.0,0.0,537.7777777777778,626.0,0.0,643.1111111111111,848.0,0.0,316.0,0.0,0.0,112.29411764705883,0.0,0.0,108.29411764705883,0.0,0.0,92.55555555555556,0.0,0.0,253.05555555555554,0.0,0.0,11.11111111111111,0.0,0.0,351.8888888888889,0.0,0.0,182.5625,83.0,0.0
25,2,26,Country A,360.0,458.0,64.0,164.0,87.0,177.0,245.88888888888889,2.0,0.0,513.0,0.0,0.0,615.1111111111111,626.0,0.0,593.4444444444445,848.0,0.0,327.1764705882353,0.0,0.0,118.58823529411765,0.0,0.0,112.6470588235294,0.0,0.0,27.77777777777778,0.0,0.0,257.6666666666667,0.0,0.0,55.55555555555556,0.0,0.0,363.22222222222223,0.0,0.0,287.375,83.0,0.0
26,3,27,Country A,334.0,663.0,60.0,167.0,167.0,270.0,273.8,2.0,0.0,473.77777777777777,0.0,0.0,580.3333333333334,626.0,0.0,513.8888888888889,848.0,0.0,457.05882352941177,0.0,0.0,136.2941176470588,0.0,0.0,130.2941176470588,0.0,0.0,55.611111111111114,0.0,0.0,265.3888888888889,0.0,0.0,5.555555555555555,0.0,0.0,356.0,0.0,0.0,345.0,83.0,0.0
27,4,28,Country A,297.0,745.0,70.0,189.0,169.0,356.0,270.1,2.0,0.0,420.44444444444446,0.0,0.0,506.55555555555554,626.0,0.0,437.22222222222223,848.0,0.0,366.4117647058824,0.0,0.0,111.05882352941177,0.0,0.0,121.3529411764706,0.0,0.0,0.0,0.0,0.0,229.88888888888889,0.0,0.0,83.33333333333333,0.0,0.0,374.55555555555554,0.0,0.0,329.4375,83.0,0.0
28,5,29,Country A,266.0,568.0,66.0,146.0,154.0,235.0,268.4,2.0,0.0,372.55555555555554,0.0,0.0,431.6666666666667,626.0,0.0,371.0,848.0,0.0,349.70588235294116,0.0,0.0,110.52941176470588,0.0,0.0,123.0,0.0,0.0,46.27777777777778,0.0,0.0,237.61111111111111,0.0,0.0,72.22222222222223,0.0,0.0,393.05555555555554,0.0,0.0,343.5,83.0,0.0
29,6,30,Country A,240.0,546.0,72.0,154.0,118.0,325.0,352.8,2.0,0.0,389.44444444444446,0.0,0.0,468.0,626.0,0.0,376.0,848.0,0.0,338.6470588235294,0.0,0.0,108.88235294117646,0.0,0.0,121.58823529411765,0.0,0.0,92.61111111111111,0.0,0.0,251.44444444444446,0.0,0.0,44.44444444444444,0.0,0.0,404.5,0.0,0.0,370.1875,83.0,0.0
30,7,31,Country A,204.0,632.0,56.0,167.0,173.0,385.0,268.22222222222223,2.0,0.0,412.25,0.0,0.0,452.375,626.0,0.0,467.375,848.0,0.0,318.0625,0.0,0.0,104.1875,0.0,0.0,106.625,0.0,0.0,39.1764705882353,0.0,0.0,233.58823529411765,0.0,0.0,35.294117647058826,0.0,0.0,395.29411764705884,0.0,0.0,378.93333333333334,83.0,0.0
31,8,32,Country A,207.0,210.0,63.0,144.0,131.0,155.0,24.666666666666668,2.0,0.0,238.5,0.0,0.0,287.75,626.0,0.0,361.875,848.0,0.0,276.875,0.0,0.0,93.1875,0.0,0.0,94.1875,0.0,0.0,46.333333333333336,0.0,0.0,228.33333333333334,0.0,0.0,55.55555555555556,0.0,0.0,331.94444444444446,0.0,0.0,73.71428571428571,83.0,0.0
32,9,33,Country A,226.0,280.0,47.0,124.0,150.0,98.0,226.0,2.0,0.0,272.5,0.0,0.0,361.0,626.0,0.0,384.5,848.0,0.0,277.3125,0.0,0.0,98.875,0.0,0.0,90.9375,0.0,0.0,74.05555555555556,0.0,0.0,239.22222222222223,0.0,0.0,116.66666666666667,0.0,0.0,361.8333333333333,0.0,0.0,319.73333333333335,83.0,0.0
33,10,34,Country A,193.0,439.0,66.0,146.0,178.0,183.0,240.77777777777777,2.0,0.0,373.75,0.0,0.0,414.625,626.0,0.0,476.375,848.0,0.0,273.47058823529414,0.0,0.0,156.88235294117646,0.0,0.0,111.47058823529412,0.0,0.0,101.88888888888889,0.0,0.0,256.22222222222223,0.0,0.0,72.22222222222223,0.0,0.0,378.8888888888889,0.0,0.0,327.4375,83.0,0.0
34,11,35,Country A,160.0,327.0,70.0,107.0,148.0,168.0,286.6666666666667,2.0,0.0,506.375,0.0,0.0,521.125,626.0,0.0,599.0,848.0,0.0,283.7647058823529,0.0,0.0,104.52941176470588,0.0,0.0,111.29411764705883,0.0,0.0,46.27777777777778,0.0,0.0,233.05555555555554,0.0,0.0,111.11111111111111,0.0,0.0,387.44444444444446,0.0,0.0,308.75,83.0,0.0
35,0,36,Country A,146.0,232.0,64.0,139.0,175.0,149.0,243.11111111111111,2.0,0.0,550.375,0.0,0.0,529.375,626.0,0.0,588.5,848.0,0.0,323.75,0.0,0.0,93.5,0.0,0.0,162.25,0.0,0.0,37.05555555555556,0.0,0.0,239.22222222222223,0.0,0.0,22.22222222222222,0.0,0.0,390.27777777777777,0.0,0.0,235.875,83.0,0.0
36,1,37,Country A,220.0,308.0,70.0,233.0,182.0,117.0,175.88888888888889,2.0,0.0,495.0,0.0,0.0,537.7777777777778,626.0,0.0,643.1111111111111,848.0,0.0,316.0,0.0,0.0,112.29411764705883,0.0,0.0,108.29411764705883,0.0,0.0,92.55555555555556,0.0,0.0,253.05555555555554,0.0,0.0,11.11111111111111,0.0,0.0,351.8888888888889,0.0,0.0,182.5625,83.0,0.0
37,2,38,Country A,249.0,312.0,61.0,153.0,148.0,116.0,245.88888888888889,2.0,0.0,513.0,0.0,0.0,615.1111111111111,626.0,0.0,593.4444444444445,848.0,0.0,327.1764705882353,0.0,0.0,118.58823529411765,0.0,0.0,112.6470588235294,0.0,0.0,27.77777777777778,0.0,0.0,257.6666666666667,0.0,0.0,55.55555555555556,0.0,0.0,363.22222222222223,0.0,0.0,287.375,83.0,0.0
38,3,39,Country A,260.0,439.0,70.0,173.0,347.0,256.0,273.8,2.0,0.0,473.77777777777777,0.0,0.0,580.3333333333334,626.0,0.0,513.8888888888889,848.0,0.0,457.05882352941177,0.0,0.0,136.2941176470588,0.0,0.0,130.2941176470588,0.0,0.0,55.611111111111114,0.0,0.0,265.3888888888889,0.0,0.0,5.555555555555555,0.0,0.0,356.0,0.0,0.0,345.0,83.0,0.0
39,4,40,Country A,244.0,459.0,82.0,162.0,309.0,317.0,270.1,2.0,0.0,420.44444444444446,0.0,0.0,506.55555555555554,626.0,0.0,437.22222222222223,848.0,0.0,366.4117647058824,0.0,0.0,111.05882352941177,0.0,0.0,121.3529411764706,0.0,0.0,0.0,0.0,0.0,229.88888888888889,0.0,0.0,83.33333333333333,0.0,0.0,374.55555555555554,0.0,0.0,329.4375,83.0,0.0
40,5,41,Country A,248.0,409.0,78.0,173.0,264.0,246.0,268.4,2.0,0.0,372.55555555555554,0.0,0.0,431.6666666666667,626.0,0.0,371.0,848.0,0.0,349.70588235294116,0.0,0.0,110.52941176470588,0.0,0.0,123.0,0.0,0.0,46.27777777777778,0.0,0.0,237.61111111111111,0.0,0.0,72.22222222222223,0.0,0.0,393.05555555555554,0.0,0.0,343.5,83.0,0.0
41,6,42,Country A,167.0,316.0,56.0,127.0,230.0,207.0,352.8,2.0,0.0,389.44444444444446,0.0,0.0,468.0,626.0,0.0,376.0,848.0,0.0,338.6470588235294,0.0,0.0,108.88235294117646,0.0,0.0,121.58823529411765,0.0,0.0,92.61111111111111,0.0,0.0,251.44444444444446,0.0,0.0,44.44444444444444,0.0,0.0,404.5,0.0,0.0,370.1875,83.0,0.0
42,7,43,Country A,333.0,579.0,75.0,153.0,268.0,388.0,268.22222222222223,2.0,0.0,412.25,0.0,0.0,452.375,626.0,0.0,467.375,848.0,0.0,318.0625,0.0,0.0,104.1875,0.0,0.0,106.625,0.0,0.0,39.1764705882353,0.0,0.0,233.58823529411765,0.0,0.0,35.294117647058826,0.0,0.0,395.29411764705884,0.0,0.0,378.93333333333334,83.0,0.0
43,8,44,Country A,261.0,158.0,64.0,167.0,190.0,67.0,24.666666666666668,2.0,0.0,238.5,0.0,0.0,287.75,626.0,0.0,361.875,848.0,0.0,276.875,0.0,0.0,93.1875,0.0,0.0,94.1875,0.0,0.0,0.0,0.0,0.0,0.0,0.0,0.0,0.0,0.0,0.0,0.0,0.0,0.0,73.71428571428571,83.0,0.0
44,9,45,Country A,268.0,212.0,83.0,278.0,195.0,135.0,226.0,2.0,0.0,272.5,0.0,0.0,361.0,626.0,0.0,384.5,848.0,0.0,277.3125,0.0,0.0,98.875,0.0,0.0,90.9375,0.0,0.0,0.0,0.0,0.0,0.0,0.0,0.0,0.0,0.0,0.0,0.0,0.0,0.0,319.73333333333335,83.0,0.0
45,10,46,Country A,331.0,319.0,77.0,188.0,218.0,173.0,240.77777777777777,2.0,0.0,373.75,0.0,0.0,414.625,626.0,0.0,476.375,848.0,0.0,273.47058823529414,0.0,0.0,156.88235294117646,0.0,0.0,111.47058823529412,0.0,0.0,0.0,0.0,0.0,0.0,0.0,0.0,0.0,0.0,0.0,0.0,0.0,0.0,327.4375,83.0,0.0
46,11,47,Country A,212.0,212.0,60.0,136.0,230.0,154.0,286.6666666666667,2.0,0.0,506.375,0.0,0.0,521.125,626.0,0.0,599.0,848.0,0.0,283.7647058823529,0.0,0.0,104.52941176470588,0.0,0.0,111.29411764705883,0.0,0.0,0.0,0.0,0.0,0.0,0.0,0.0,0.0,0.0,0.0,0.0,0.0,0.0,308.75,83.0,0.0
47,0,48,Country A,180.0,211.0,64.0,136.0,218.0,191.0,243.11111111111111,2.0,0.0,550.375,0.0,0.0,529.375,626.0,0.0,588.5,848.0,0.0,323.75,0.0,0.0,93.5,0.0,0.0,162.25,0.0,0.0,0.0,0.0,0.0,0.0,0.0,0.0,0.0,0.0,0.0,0.0,0.0,0.0,235.875,83.0,0.0
48,1,49,Country A,224.0,281.0,84.0,178.0,197.0,172.0,175.88888888888889,2.0,0.0,495.0,0.0,0.0,537.7777777777778,626.0,0.0,643.1111111111111,848.0,0.0,316.0,0.0,0.0,112.29411764705883,0.0,0.0,108.29411764705883,0.0,0.0,0.0,0.0,0.0,0.0,0.0,0.0,0.0,0.0,0.0,0.0,0.0,0.0,182.5625,83.0,0.0
49,2,50,Country A,215.0,256.0,78.0,141.0,296.0,197.0,245.88888888888889,2.0,0.0,513.0,0.0,0.0,615.1111111111111,626.0,0.0,593.4444444444445,848.0,0.0,327.1764705882353,0.0,0.0,118.58823529411765,0.0,0.0,112.6470588235294,0.0,0.0,0.0,0.0,0.0,0.0,0.0,0.0,0.0,0.0,0.0,0.0,0.0,0.0,287.375,83.0,0.0
50,3,51,Country A,250.0,488.0,79.0,163.0,376.0,285.0,273.8,2.0,0.0,473.77777777777777,0.0,0.0,580.3333333333334,626.0,0.0,513.8888888888889,848.0,0.0,457.05882352941177,0.0,0.0,136.2941176470588,0.0,0.0,130.2941176470588,0.0,0.0,0.0,0.0,0.0,0.0,0.0,0.0,0.0,0.0,0.0,0.0,0.0,0.0,345.0,83.0,0.0
51,4,52,Country A,222.0,552.0,84.0,152.0,374.0,346.0,270.1,2.0,0.0,420.44444444444446,0.0,0.0,506.55555555555554,626.0,0.0,437.22222222222223,848.0,0.0,366.4117647058824,0.0,0.0,111.05882352941177,0.0,0.0,121.3529411764706,0.0,0.0,0.0,0.0,0.0,0.0,0.0,0.0,200.0,200.0,200.0,51.0,51.0,51.0,329.4375,83.0,0.0
52,5,53,Country A,179.0,411.0,73.0,165.0,381.0,401.0,268.4,2.0,0.0,372.55555555555554,0.0,0.0,431.6666666666667,626.0,0.0,371.0,848.0,0.0,349.70588235294116,0.0,0.0,110.52941176470588,0.0,0.0,123.0,0.0,0.0,0.0,0.0,0.0,0.0,0.0,0.0,0.0,0.0,0.0,51.0,51.0,51.0,343.5,83.0,0.0
53,6,54,Country A,209.0,366.0,143.0,272.0,313.0,328.0,352.8,2.0,0.0,389.44444444444446,0.0,0.0,468.0,626.0,0.0,376.0,848.0,0.0,338.6470588235294,0.0,0.0,108.88235294117646,0.0,0.0,121.58823529411765,0.0,0.0,0.0,0.0,0.0,0.0,0.0,0.0,0.0,0.0,0.0,51.0,51.0,51.0,370.1875,83.0,0.0
54,7,55,Country A,511.0,558.0,76.0,223.0,347.0,363.0,268.22222222222223,2.0,0.0,412.25,0.0,0.0,452.375,626.0,0.0,467.375,848.0,0.0,318.0625,0.0,0.0,104.1875,0.0,0.0,106.625,0.0,0.0,0.0,0.0,0.0,0.0,0.0,0.0,0.0,0.0,0.0,51.0,51.0,51.0,378.93333333333334,83.0,0.0
55,8,56,Country A,313.0,208.0,129.0,211.0,214.0,145.0,24.666666666666668,2.0,0.0,238.5,0.0,0.0,287.75,626.0,0.0,361.875,848.0,0.0,276.875,0.0,0.0,93.1875,0.0,0.0,94.1875,0.0,0.0,0.0,0.0,0.0,0.0,0.0,0.0,0.0,0.0,0.0,51.0,51.0,51.0,73.71428571428571,83.0,0.0
56,9,57,Country A,217.0,229.0,125.0,261.0,275.0,145.0,226.0,2.0,0.0,272.5,0.0,0.0,361.0,626.0,0.0,384.5,848.0,0.0,277.3125,0.0,0.0,98.875,0.0,0.0,90.9375,0.0,0.0,0.0,0.0,0.0,0.0,0.0,0.0,1000.0,1000.0,1000.0,308.0,308.0,308.0,319.73333333333335,83.0,0.0
57,10,58,Country A,195.0,345.0,108.0,166.0,317.0,197.0,240.77777777777777,2.0,0.0,373.75,0.0,0.0,414.625,626.0,0.0,476.375,848.0,0.0,0.0,0.0,0.0,0.0,0.0,0.0,0.0,0.0,0.0,0.0,0.0,0.0,0.0,0.0,0.0,0.0,0.0,0.0,282.0,282.0,282.0,327.4375,83.0,0.0
58,11,59,Country A,207.0,307.0,116.0,189.0,252.0,184.0,286.6666666666667,2.0,0.0,506.375,0.0,0.0,521.125,626.0,0.0,599.0,848.0,0.0,0.0,0.0,0.0,3.0,3.0,3.0,0.0,0.0,0.0,0.0,0.0,0.0,0.0,0.0,0.0,100.0,100.0,100.0,308.0,308.0,308.0,308.75,83.0,0.0
59,0,60,Country A,304.0,213.0,108.0,252.0,243.0,204.0,243.11111111111111,2.0,0.0,550.375,0.0,0.0,529.375,626.0,0.0,588.5,848.0,0.0,0.0,0.0,0.0,2.0,2.0,2.0,0.0,0.0,0.0,0.0,0.0,0.0,0.0,0.0,0.0,100.0,100.0,100.0,308.0,308.0,308.0,235.875,83.0,0.0
60,1,61,Country A,328.0,297.0,122.0,232.0,258.0,187.0,175.88888888888889,2.0,0.0,495.0,0.0,0.0,537.7777777777778,626.0,0.0,643.1111111111111,848.0,0.0,0.0,0.0,0.0,1.0,1.0,1.0,0.0,0.0,0.0,0.0,0.0,0.0,0.0,0.0,0.0,0.0,0.0,0.0,308.0,308.0,308.0,182.5625,83.0,0.0
61,2,62,Country A,251.0,240.0,111.0,212.0,233.0,154.0,245.88888888888889,2.0,0.0,513.0,0.0,0.0,615.1111111111111,626.0,0.0,593.4444444444445,848.0,0.0,0.0,0.0,0.0,0.0,0.0,0.0,0.0,0.0,0.0,0.0,0.0,0.0,0.0,0.0,0.0,0.0,0.0,0.0,308.0,308.0,308.0,287.375,83.0,0.0
62,3,63,Country A,241.0,407.0,131.0,248.0,393.0,207.0,273.8,2.0,0.0,473.77777777777777,0.0,0.0,580.3333333333334,626.0,0.0,513.8888888888889,848.0,0.0,0.0,0.0,0.0,1.0,1.0,1.0,0.0,0.0,0.0,0.0,0.0,0.0,0.0,0.0,0.0,0.0,0.0,0.0,205.0,205.0,205.0,345.0,83.0,0.0
63,4,64,Country A,438.0,697.0,163.0,332.0,450.0,332.0,270.1,2.0,0.0,420.44444444444446,0.0,0.0,506.55555555555554,626.0,0.0,437.22222222222223,848.0,0.0,0.0,0.0,0.0,1.0,1.0,1.0,0.0,0.0,0.0,0.0,0.0,0.0,0.0,0.0,0.0,200.0,200.0,200.0,256.0,256.0,256.0,329.4375,83.0,0.0
64,5,65,Country A,256.0,531.0,154.0,224.0,366.0,325.0,268.4,2.0,0.0,372.55555555555554,0.0,0.0,431.6666666666667,626.0,0.0,371.0,848.0,0.0,0.0,0.0,0.0,1.0,1.0,1.0,0.0,0.0,0.0,0.0,0.0,0.0,0.0,0.0,0.0,0.0,0.0,0.0,256.0,256.0,256.0,343.5,83.0,0.0
65,6,66,Country A,356.0,736.0,153.0,325.0,397.0,413.0,352.8,2.0,0.0,389.44444444444446,0.0,0.0,468.0,626.0,0.0,376.0,848.0,0.0,0.0,0.0,0.0,0.0,0.0,0.0,0.0,0.0,0.0,0.0,0.0,0.0,0.0,0.0,0.0,0.0,0.0,0.0,256.0,256.0,256.0,370.1875,83.0,0.0
66,7,67,Country A,314.0,573.0,154.0,305.0,391.0,454.0,268.22222222222223,2.0,0.0,412.25,0.0,0.0,452.375,626.0,0.0,467.375,848.0,0.0,0.0,0.0,0.0,0.0,0.0,0.0,0.0,0.0,0.0,0.0,0.0,0.0,0.0,0.0,0.0,0.0,0.0,0.0,154.0,154.0,154.0,378.93333333333334,83.0,0.0
67,8,68,Country A,339.0,145.0,140.0,278.0,226.0,127.0,24.666666666666668,2.0,0.0,238.5,0.0,0.0,287.75,626.0,0.0,361.875,848.0,0.0,0.0,0.0,0.0,6.0,6.0,6.0,0.0,0.0,0.0,0.0,0.0,0.0,0.0,0.0,0.0,200.0,200.0,200.0,205.0,205.0,205.0,83.0,83.0,83.0
68,9,69,Country A,273.0,310.0,129.0,256.0,349.0,151.0,226.0,2.0,0.0,272.5,0.0,0.0,361.0,626.0,0.0,384.5,848.0,0.0,0.0,0.0,0.0,2.0,2.0,2.0,0.0,0.0,0.0,0.0,0.0,0.0,0.0,0.0,0.0,0.0,0.0,0.0,205.0,205.0,205.0,269.0,269.0,269.0
69,10,70,Country A,323.0,344.0,127.0,263.0,359.0,161.0,240.77777777777777,2.0,0.0,373.75,0.0,0.0,414.625,626.0,0.0,476.375,848.0,0.0,0.0,0.0,0.0,0.0,0.0,0.0,0.0,0.0,0.0,0.0,0.0,0.0,0.0,0.0,0.0,0.0,0.0,0.0,205.0,205.0,205.0,270.0,270.0,270.0
70,11,71,Country A,313.0,271.0,120.0,252.0,294.0,189.0,286.6666666666667,2.0,0.0,506.375,0.0,0.0,521.125,626.0,0.0,599.0,848.0,0.0,0.0,0.0,0.0,0.0,0.0,0.0,0.0,0.0,0.0,0.0,0.0,0.0,0.0,0.0,0.0,0.0,0.0,0.0,205.0,205.0,205.0,299.0,299.0,299.0
71,0,72,Country A,225.0,199.0,124.0,219.0,307.0,186.0,243.11111111111111,2.0,0.0,550.375,0.0,0.0,529.375,626.0,0.0,588.5,848.0,0.0,323.75,0.0,0.0,93.5,0.0,0.0,162.25,0.0,0.0,0.0,0.0,0.0,0.0,0.0,0.0,0.0,0.0,0.0,205.0,205.0,205.0,299.0,299.0,299.0
72,1,73,Country A,321.0,373.0,146.0,241.0,300.0,180.0,175.88888888888889,2.0,0.0,495.0,0.0,0.0,537.7777777777778,626.0,0.0,643.1111111111111,848.0,0.0,0.0,0.0,0.0,0.0,0.0,0.0,0.0,0.0,0.0,0.0,0.0,0.0,0.0,0.0,0.0,100.0,100.0,100.0,231.0,231.0,231.0,279.0,279.0,279.0
73,2,74,Country A,265.0,285.0,131.0,309.0,296.0,168.0,245.88888888888889,2.0,0.0,513.0,0.0,0.0,615.1111111111111,626.0,0.0,593.4444444444445,848.0,0.0,0.0,0.0,0.0,0.0,0.0,0.0,0.0,0.0,0.0,0.0,0.0,0.0,0.0,0.0,0.0,0.0,0.0,0.0,231.0,231.0,231.0,330.0,330.0,330.0
74,3,75,Country A,485.0,544.0,174.0,419.0,501.0,256.0,273.8,2.0,0.0,473.77777777777777,0.0,0.0,580.3333333333334,626.0,0.0,513.8888888888889,848.0,0.0,0.0,0.0,0.0,1.0,1.0,1.0,0.0,0.0,0.0,0.0,0.0,0.0,0.0,0.0,0.0,0.0,0.0,0.0,231.0,231.0,231.0,411.0,411.0,411.0
75,4,76,Country A,426.0,660.0,165.0,323.0,425.0,291.0,270.1,2.0,0.0,420.44444444444446,0.0,0.0,506.55555555555554,626.0,0.0,437.22222222222223,848.0,0.0,0.0,0.0,0.0,1.0,1.0,1.0,0.0,0.0,0.0,0.0,0.0,0.0,0.0,0.0,0.0,100.0,100.0,100.0,256.0,256.0,256.0,354.0,354.0,354.0
76,5,77,Country A,425.0,670.0,182.0,317.0,484.0,377.0,268.4,2.0,0.0,372.55555555555554,0.0,0.0,431.6666666666667,626.0,0.0,371.0,848.0,0.0,0.0,0.0,0.0,0.0,0.0,0.0,0.0,0.0,0.0,0.0,0.0,0.0,0.0,0.0,0.0,0.0,0.0,0.0,256.0,256.0,256.0,419.0,419.0,419.0
77,6,78,Country A,395.0,591.0,143.0,316.0,397.0,313.0,352.8,2.0,0.0,389.44444444444446,0.0,0.0,468.0,626.0,0.0,376.0,848.0,0.0,0.0,0.0,0.0,1.0,1.0,1.0,0.0,0.0,0.0,0.0,0.0,0.0,0.0,0.0,0.0,200.0,200.0,200.0,308.0,308.0,308.0,364.0,364.0,364.0
78,7,79,Country A,391.0,658.0,174.0,325.0,438.0,510.0,268.22222222222223,2.0,0.0,412.25,0.0,0.0,452.375,626.0,0.0,467.375,848.0,0.0,0.0,0.0,0.0,2.0,2.0,2.0,0.0,0.0,0.0,0.0,0.0,0.0,0.0,0.0,0.0,0.0,0.0,0.0,308.0,308.0,308.0,364.0,364.0,364.0
79,8,80,Country A,360.0,243.0,188.0,349.0,239.0,170.0,24.666666666666668,2.0,0.0,238.5,0.0,0.0,287.75,626.0,0.0,361.875,848.0,0.0,0.0,0.0,0.0,2.0,2.0,2.0,0.0,0.0,0.0,0.0,0.0,0.0,0.0,0.0,0.0,100.0,100.0,100.0,333.0,333.0,333.0,79.0,79.0,79.0
80,9,81,Country A,281.0,251.0,179.0,335.0,290.0,166.0,226.0,2.0,0.0,272.5,0.0,0.0,361.0,626.0,0.0,384.5,848.0,0.0,0.0,0.0,0.0,5.0,5.0,5.0,0.0,0.0,0.0,0.0,0.0,0.0,0.0,0.0,0.0,0.0,0.0,0.0,333.0,333.0,333.0,286.0,286.0,286.0
81,10,82,Country A,350.0,396.0,419.0,295.0,336.0,203.0,240.77777777777777,2.0,0.0,373.75,0.0,0.0,414.625,626.0,0.0,476.375,848.0,0.0,0.0,0.0,0.0,1000.0,1000.0,1000.0,0.0,0.0,0.0,0.0,0.0,0.0,0.0,0.0,0.0,0.0,0.0,0.0,333.0,333.0,333.0,484.0,484.0,484.0
82,11,83,Country A,310.0,377.0,203.0,321.0,389.0,240.0,286.6666666666667,2.0,0.0,506.375,0.0,0.0,521.125,626.0,0.0,599.0,848.0,0.0,8.0,8.0,8.0,11.0,11.0,11.0,0.0,0.0,0.0,0.0,0.0,0.0,0.0,0.0,0.0,0.0,0.0,0.0,333.0,333.0,333.0,366.0,366.0,366.0
83,0,84,Country A,270.0,418.0,145.0,295.0,393.0,159.0,243.11111111111111,2.0,0.0,550.375,0.0,0.0,529.375,626.0,0.0,588.5,848.0,0.0,2.0,2.0,2.0,9.0,9.0,9.0,0.0,0.0,0.0,0.0,0.0,0.0,0.0,0.0,0.0,0.0,0.0,0.0,333.0,333.0,333.0,355.0,355.0,355.0
84,1,85,Country A,376.0,264.0,162.0,317.0,271.0,314.0,175.88888888888889,2.0,0.0,495.0,0.0,0.0,537.7777777777778,626.0,0.0,643.1111111111111,848.0,0.0,5.0,5.0,5.0,19.0,19.0,19.0,0.0,0.0,0.0,0.0,0.0,0.0,0.0,0.0,0.0,0.0,0.0,0.0,333.0,333.0,333.0,284.0,284.0,284.0
85,2,86,Country A,269.0,244.0,131.0,262.0,294.0,176.0,245.88888888888889,2.0,0.0,513.0,0.0,0.0,615.1111111111111,626.0,0.0,593.4444444444445,848.0,0.0,9.0,9.0,9.0,15.0,15.0,15.0,1.0,1.0,1.0,0.0,0.0,0.0,0.0,0.0,0.0,0.0,0.0,0.0,333.0,333.0,333.0,313.0,313.0,313.0
86,3,87,Country A,353.0,534.0,155.0,315.0,410.0,279.0,273.8,2.0,0.0,473.77777777777777,0.0,0.0,580.3333333333334,626.0,0.0,513.8888888888889,848.0,0.0,24.0,24.0,24.0,23.0,23.0,23.0,0.0,0.0,0.0,0.0,0.0,0.0,0.0,0.0,0.0,0.0,0.0,0.0,333.0,333.0,333.0,385.0,385.0,385.0
87,4,88,Country A,337.0,554.0,157.0,333.0,446.0,432.0,270.1,2.0,0.0,420.44444444444446,0.0,0.0,506.55555555555554,626.0,0.0,437.22222222222223,848.0,0.0,10.0,10.0,10.0,16.0,16.0,16.0,0.0,0.0,0.0,0.0,0.0,0.0,0.0,0.0,0.0,100.0,100.0,100.0,359.0,359.0,359.0,362.0,362.0,362.0
88,5,89,Country A,361.0,464.0,170.0,324.0,438.0,352.0,268.4,2.0,0.0,372.55555555555554,0.0,0.0,431.6666666666667,626.0,0.0,371.0,848.0,0.0,9.0,9.0,9.0,30.0,30.0,30.0,2.0,2.0,2.0,0.0,0.0,0.0,0.0,0.0,0.0,0.0,0.0,0.0,359.0,359.0,359.0,402.0,402.0,402.0
89,6,90,Country A,400.0,477.0,174.0,344.0,436.0,345.0,352.8,2.0,0.0,389.44444444444446,0.0,0.0,468.0,626.0,0.0,376.0,848.0,0.0,7.0,7.0,7.0,22.0,22.0,22.0,1.0,1.0,1.0,0.0,0.0,0.0,0.0,0.0,0.0,0.0,0.0,0.0,359.0,359.0,359.0,439.0,439.0,439.0
90,7,91,Country A,397.0,611.0,216.0,346.0,429.0,489.0,268.22222222222223,2.0,0.0,412.25,0.0,0.0,452.375,626.0,0.0,467.375,848.0,0.0,15.0,15.0,15.0,37.0,37.0,37.0,3.0,3.0,3.0,0.0,0.0,0.0,0.0,0.0,0.0,0.0,0.0,0.0,359.0,359.0,359.0,489.0,489.0,489.0
91,8,92,Country A,374.0,227.0,217.0,353.0,281.0,156.0,24.666666666666668,2.0,0.0,238.5,0.0,0.0,287.75,626.0,0.0,361.875,848.0,0.0,27.0,27.0,27.0,33.0,33.0,33.0,3.0,3.0,3.0,0.0,0.0,0.0,0.0,0.0,0.0,0.0,0.0,0.0,359.0,359.0,359.0,89.0,89.0,89.0
92,9,93,Country A,330.0,348.0,142.0,320.0,277.0,179.0,226.0,2.0,0.0,272.5,0.0,0.0,361.0,626.0,0.0,384.5,848.0,0.0,37.0,37.0,37.0,29.0,29.0,29.0,9.0,9.0,9.0,0.0,0.0,0.0,0.0,0.0,0.0,0.0,0.0,0.0,359.0,359.0,359.0,310.0,310.0,310.0
93,10,94,Country A,267.0,366.0,174.0,340.0,359.0,267.0,240.77777777777777,2.0,0.0,373.75,0.0,0.0,414.625,626.0,0.0,476.375,848.0,0.0,32.0,32.0,32.0,22.0,22.0,22.0,8.0,8.0,8.0,0.0,0.0,0.0,0.0,0.0,0.0,100.0,100.0,100.0,385.0,385.0,385.0,400.0,400.0,400.0
94,11,95,Country A,298.0,287.0,178.0,295.0,330.0,222.0,286.6666666666667,2.0,0.0,506.375,0.0,0.0,521.125,626.0,0.0,599.0,848.0,0.0,23.0,23.0,23.0,28.0,28.0,28.0,11.0,11.0,11.0,0.0,0.0,0.0,0.0,0.0,0.0,0.0,0.0,0.0,385.0,385.0,385.0,366.0,366.0,366.0
95,0,96,Country A,207.0,230.0,174.0,219.0,283.0,204.0,243.11111111111111,2.0,0.0,550.375,0.0,0.0,529.375,626.0,0.0,588.5,848.0,0.0,89.0,89.0,89.0,25.0,25.0,25.0,38.0,38.0,38.0,0.0,0.0,0.0,0.0,0.0,0.0,0.0,0.0,0.0,385.0,385.0,385.0,245.0,245.0,245.0
96,1,97,Country A,324.0,272.0,241.0,300.0,300.0,244.0,175.88888888888889,2.0,0.0,495.0,0.0,0.0,537.7777777777778,626.0,0.0,643.1111111111111,848.0,0.0,74.0,74.0,74.0,30.0,30.0,30.0,23.0,23.0,23.0,0.0,0.0,0.0,0.0,0.0,0.0,0.0,0.0,0.0,385.0,385.0,385.0,309.0,309.0,309.0
97,2,98,Country A,218.0,309.0,250.0,291.0,273.0,235.0,245.88888888888889,2.0,0.0,513.0,0.0,0.0,615.1111111111111,626.0,0.0,593.4444444444445,848.0,0.0,90.0,90.0,90.0,45.0,45.0,45.0,32.0,32.0,32.0,0.0,0.0,0.0,0.0,0.0,0.0,0.0,0.0,0.0,385.0,385.0,385.0,358.0,358.0,358.0
98,3,99,Country A,214.0,373.0,261.0,265.0,362.0,254.0,273.8,2.0,0.0,473.77777777777777,0.0,0.0,580.3333333333334,626.0,0.0,513.8888888888889,848.0,0.0,208.0,208.0,208.0,47.0,47.0,47.0,137.0,137.0,137.0,0.0,0.0,0.0,0.0,0.0,0.0,0.0,0.0,0.0,333.0,333.0,333.0,405.0,405.0,405.0
99,4,100,Country A,257.0,604.0,248.0,337.0,541.0,388.0,270.1,2.0,0.0,420.44444444444446,0.0,0.0,506.55555555555554,626.0,0.0,437.22222222222223,848.0,0.0,122.0,122.0,122.0,43.0,43.0,43.0,81.0,81.0,81.0,0.0,0.0,0.0,0.0,0.0,0.0,400.0,400.0,400.0,436.0,436.0,436.0,291.0,291.0,291.0
100,5,101,Country A,172.0,379.0,245.0,307.0,414.0,464.0,268.4,2.0,0.0,372.55555555555554,0.0,0.0,431.6666666666667,626.0,0.0,371.0,848.0,0.0,107.0,107.0,107.0,40.0,40.0,40.0,160.0,160.0,160.0,0.0,0.0,0.0,0.0,0.0,0.0,600.0,600.0,600.0,590.0,590.0,590.0,147.0,147.0,147.0
101,6,102,Country A,378.0,322.0,259.0,389.0,429.0,353.0,352.8,2.0,0.0,389.44444444444446,0.0,0.0,468.0,626.0,0.0,376.0,848.0,0.0,63.0,63.0,63.0,48.0,48.0,48.0,72.0,72.0,72.0,0.0,0.0,0.0,0.0,0.0,0.0,0.0,0.0,0.0,590.0,590.0,590.0,503.0,503.0,503.0
102,7,103,Country A,637.0,540.0,242.0,464.0,438.0,595.0,268.22222222222223,2.0,0.0,412.25,0.0,0.0,452.375,626.0,0.0,467.375,848.0,0.0,76.0,76.0,76.0,62.0,62.0,62.0,43.0,43.0,43.0,0.0,0.0,0.0,0.0,0.0,0.0,0.0,0.0,0.0,590.0,590.0,590.0,436.0,436.0,436.0
103,8,104,Country A,266.0,265.0,207.0,337.0,214.0,148.0,24.666666666666668,2.0,0.0,238.5,0.0,0.0,287.75,626.0,0.0,361.875,848.0,0.0,71.0,71.0,71.0,35.0,35.0,35.0,37.0,37.0,37.0,0.0,0.0,0.0,0.0,0.0,0.0,100.0,100.0,100.0,359.0,359.0,359.0,83.0,83.0,83.0
104,9,105,Country A,281.0,273.0,194.0,317.0,290.0,196.0,226.0,2.0,0.0,272.5,0.0,0.0,361.0,626.0,0.0,384.5,848.0,0.0,127.0,127.0,127.0,62.0,62.0,62.0,47.0,47.0,47.0,0.0,0.0,0.0,0.0,0.0,0.0,0.0,0.0,0.0,359.0,359.0,359.0,424.0,424.0,424.0
105,10,106,Country A,293.0,312.0,255.0,333.0,376.0,270.0,240.77777777777777,2.0,0.0,373.75,0.0,0.0,414.625,626.0,0.0,476.375,848.0,0.0,217.0,217.0,217.0,94.0,94.0,94.0,56.0,56.0,56.0,0.0,0.0,0.0,0.0,0.0,0.0,0.0,0.0,0.0,359.0,359.0,359.0,366.0,366.0,366.0
106,11,107,Country A,212.0,311.0,245.0,335.0,298.0,200.0,286.6666666666667,2.0,0.0,506.375,0.0,0.0,521.125,626.0,0.0,599.0,848.0,0.0,200.0,200.0,200.0,73.0,73.0,73.0,56.0,56.0,56.0,0.0,0.0,0.0,0.0,0.0,0.0,0.0,0.0,0.0,359.0,359.0,359.0,276.0,276.0,276.0
107,0,108,Country A,161.0,204.0,190.0,202.0,290.0,228.0,243.11111111111111,2.0,0.0,550.375,0.0,0.0,529.375,626.0,0.0,588.5,848.0,0.0,152.0,152.0,152.0,50.0,50.0,50.0,54.0,54.0,54.0,0.0,0.0,0.0,0.0,0.0,0.0,0.0,0.0,0.0,359.0,359.0,359.0,186.0,186.0,186.0
108,1,109,Country A,202.0,186.0,157.0,241.0,273.0,156.0,175.88888888888889,2.0,0.0,495.0,0.0,0.0,537.7777777777778,626.0,0.0,643.1111111111111,848.0,0.0,105.0,105.0,105.0,65.0,65.0,65.0,30.0,30.0,30.0,0.0,0.0,0.0,0.0,0.0,0.0,0.0,0.0,0.0,359.0,359.0,359.0,182.0,182.0,182.0
109,2,110,Country A,199.0,187.0,160.0,244.0,195.0,158.0,245.88888888888889,2.0,0.0,513.0,0.0,0.0,615.1111111111111,626.0,0.0,593.4444444444445,848.0,0.0,114.0,114.0,114.0,158.0,158.0,158.0,29.0,29.0,29.0,0.0,0.0,0.0,0.0,0.0,0.0,0.0,0.0,0.0,359.0,359.0,359.0,225.0,225.0,225.0
110,3,111,Country A,294.0,438.0,214.0,331.0,397.0,270.0,273.8,2.0,0.0,473.77777777777777,0.0,0.0,580.3333333333334,626.0,0.0,513.8888888888889,848.0,0.0,141.0,141.0,141.0,74.0,74.0,74.0,40.0,40.0,40.0,0.0,0.0,0.0,0.0,0.0,0.0,0.0,0.0,0.0,359.0,359.0,359.0,393.0,393.0,393.0
111,4,112,Country A,348.0,626.0,265.0,363.0,493.0,531.0,270.1,2.0,0.0,420.44444444444446,0.0,0.0,506.55555555555554,626.0,0.0,437.22222222222223,848.0,0.0,118.0,118.0,118.0,68.0,68.0,68.0,131.0,131.0,131.0,0.0,0.0,0.0,0.0,0.0,0.0,100.0,100.0,100.0,359.0,359.0,359.0,337.0,337.0,337.0
112,5,113,Country A,348.0,575.0,180.0,389.0,499.0,541.0,268.4,2.0,0.0,372.55555555555554,0.0,0.0,431.6666666666667,626.0,0.0,371.0,848.0,0.0,44.0,44.0,44.0,41.0,41.0,41.0,6.0,6.0,6.0,0.0,0.0,0.0,0.0,0.0,0.0,0.0,0.0,0.0,359.0,359.0,359.0,414.0,414.0,414.0
113,6,114,Country A,217.0,417.0,249.0,292.0,474.0,647.0,352.8,2.0,0.0,389.44444444444446,0.0,0.0,468.0,626.0,0.0,376.0,848.0,0.0,64.0,64.0,64.0,40.0,40.0,40.0,39.0,39.0,39.0,0.0,0.0,0.0,0.0,0.0,0.0,0.0,0.0,0.0,359.0,359.0,359.0,194.0,194.0,194.0
114,7,115,Country A,212.0,651.0,284.0,425.0,687.0,1000.0,268.22222222222223,2.0,0.0,412.25,0.0,0.0,452.375,626.0,0.0,467.375,848.0,0.0,179.0,179.0,179.0,47.0,47.0,47.0,49.0,49.0,49.0,0.0,0.0,0.0,0.0,0.0,0.0,0.0,0.0,0.0,359.0,359.0,359.0,513.0,513.0,513.0
115,8,116,Country A,173.0,129.0,187.0,285.0,271.0,237.0,24.666666666666668,2.0,0.0,238.5,0.0,0.0,287.75,626.0,0.0,361.875,848.0,0.0,116.0,116.0,116.0,52.0,52.0,52.0,20.0,20.0,20.0,0.0,0.0,0.0,0.0,0.0,0.0,0.0,0.0,0.0,282.0,282.0,282.0,22.0,22.0,22.0
116,9,117,Country A,270.0,135.0,172.0,312.0,304.0,314.0,226.0,2.0,0.0,272.5,0.0,0.0,361.0,626.0,0.0,384.5,848.0,0.0,183.0,183.0,183.0,68.0,68.0,68.0,65.0,65.0,65.0,0.0,0.0,0.0,0.0,0.0,0.0,300.0,300.0,300.0,359.0,359.0,359.0,272.0,272.0,272.0
117,10,118,Country A,196.0,167.0,184.0,308.0,370.0,362.0,240.77777777777777,2.0,0.0,373.75,0.0,0.0,414.625,626.0,0.0,476.375,848.0,0.0,309.0,309.0,309.0,87.0,87.0,87.0,245.0,245.0,245.0,0.0,0.0,0.0,0.0,0.0,0.0,0.0,0.0,0.0,359.0,359.0,359.0,306.0,306.0,306.0
118,11,119,Country A,215.0,180.0,185.0,323.0,421.0,295.0,286.6666666666667,2.0,0.0,506.375,0.0,0.0,521.125,626.0,0.0,599.0,848.0,0.0,330.0,330.0,330.0,171.0,171.0,171.0,347.0,347.0,347.0,0.0,0.0,0.0,0.0,0.0,0.0,0.0,0.0,0.0,359.0,359.0,359.0,224.0,224.0,224.0
119,0,120,Country A,236.0,296.0,187.0,307.0,476.0,405.0,243.11111111111111,2.0,0.0,550.375,0.0,0.0,529.375,626.0,0.0,588.5,848.0,0.0,232.0,232.0,232.0,52.0,52.0,52.0,1000.0,1000.0,1000.0,0.0,0.0,0.0,0.0,0.0,0.0,200.0,200.0,200.0,410.0,410.0,410.0,125.0,125.0,125.0
120,1,121,Country A,168.0,87.0,154.0,214.0,283.0,412.0,175.88888888888889,2.0,0.0,495.0,0.0,0.0,537.7777777777778,626.0,0.0,643.1111111111111,848.0,0.0,185.0,185.0,185.0,50.0,50.0,50.0,124.0,124.0,124.0,0.0,0.0,0.0,0.0,0.0,0.0,0.0,0.0,0.0,410.0,410.0,410.0,148.0,148.0,148.0
121,2,122,Country A,205.0,107.0,149.0,249.0,256.0,149.0,245.88888888888889,2.0,0.0,513.0,0.0,0.0,615.1111111111111,626.0,0.0,593.4444444444445,848.0,0.0,203.0,203.0,203.0,55.0,55.0,55.0,125.0,125.0,125.0,0.0,0.0,0.0,0.0,0.0,0.0,0.0,0.0,0.0,410.0,410.0,410.0,171.0,171.0,171.0
122,3,123,Country A,271.0,355.0,223.0,399.0,488.0,272.0,273.8,2.0,0.0,473.77777777777777,0.0,0.0,580.3333333333334,626.0,0.0,513.8888888888889,848.0,0.0,206.0,206.0,206.0,46.0,46.0,46.0,84.0,84.0,84.0,0.0,0.0,0.0,0.0,0.0,0.0,0.0,0.0,0.0,410.0,410.0,410.0,308.0,308.0,308.0
123,4,124,Country A,309.0,484.0,217.0,417.0,518.0,339.0,270.1,2.0,0.0,420.44444444444446,0.0,0.0,506.55555555555554,626.0,0.0,437.22222222222223,848.0,0.0,223.0,223.0,223.0,57.0,57.0,57.0,128.0,128.0,128.0,0.0,0.0,0.0,0.0,0.0,0.0,200.0,200.0,200.0,462.0,462.0,462.0,305.0,305.0,305.0
124,5,125,Country A,223.0,362.0,190.0,345.0,545.0,300.0,268.4,2.0,0.0,372.55555555555554,0.0,0.0,431.6666666666667,626.0,0.0,371.0,848.0,0.0,223.0,223.0,223.0,52.0,52.0,52.0,125.0,125.0,125.0,0.0,0.0,0.0,0.0,0.0,0.0,0.0,0.0,0.0,462.0,462.0,462.0,259.0,259.0,259.0
125,6,126,Country A,202.0,323.0,218.0,301.0,493.0,377.0,352.8,2.0,0.0,389.44444444444446,0.0,0.0,468.0,626.0,0.0,376.0,848.0,0.0,231.0,231.0,231.0,52.0,52.0,52.0,182.0,182.0,182.0,0.0,0.0,0.0,0.0,0.0,0.0,0.0,0.0,0.0,462.0,462.0,462.0,253.0,253.0,253.0
126,7,127,Country A,284.0,538.0,248.0,336.0,598.0,507.0,268.22222222222223,2.0,0.0,412.25,0.0,0.0,452.375,626.0,0.0,467.375,848.0,0.0,233.0,233.0,233.0,51.0,51.0,51.0,118.0,118.0,118.0,0.0,0.0,0.0,0.0,0.0,0.0,100.0,100.0,100.0,462.0,462.0,462.0,310.0,310.0,310.0
127,8,128,Country A,177.0,87.0,212.0,296.0,222.0,122.0,24.666666666666668,2.0,0.0,238.5,0.0,0.0,287.75,626.0,0.0,361.875,848.0,0.0,169.0,169.0,169.0,54.0,54.0,54.0,142.0,142.0,142.0,0.0,0.0,0.0,0.0,0.0,0.0,0.0,0.0,0.0,462.0,462.0,462.0,40.0,40.0,40.0
128,9,129,Country A,224.0,163.0,205.0,249.0,402.0,124.0,226.0,2.0,0.0,272.5,0.0,0.0,361.0,626.0,0.0,384.5,848.0,0.0,177.0,177.0,177.0,68.0,68.0,68.0,75.0,75.0,75.0,0.0,0.0,0.0,0.0,0.0,0.0,0.0,0.0,0.0,462.0,462.0,462.0,131.0,131.0,131.0
129,10,130,Country A,240.0,184.0,208.0,244.0,378.0,196.0,240.77777777777777,2.0,0.0,373.75,0.0,0.0,414.625,626.0,0.0,476.375,848.0,0.0,192.0,192.0,192.0,63.0,63.0,63.0,72.0,72.0,72.0,0.0,0.0,0.0,0.0,0.0,0.0,200.0,200.0,200.0,513.0,513.0,513.0,154.0,154.0,154.0
130,11,131,Country A,217.0,197.0,181.0,246.0,366.0,208.0,286.6666666666667,2.0,0.0,506.375,0.0,0.0,521.125,626.0,0.0,599.0,848.0,0.0,214.0,214.0,214.0,69.0,69.0,69.0,83.0,83.0,83.0,0.0,0.0,0.0,0.0,0.0,0.0,100.0,100.0,100.0,538.0,538.0,538.0,205.0,205.0,205.0
131,0,132,Country A,186.0,235.0,179.0,195.0,378.0,219.0,243.11111111111111,2.0,0.0,550.375,0.0,0.0,529.375,626.0,0.0,588.5,848.0,0.0,233.0,233.0,233.0,64.0,64.0,64.0,107.0,107.0,107.0,0.0,0.0,0.0,0.0,0.0,0.0,0.0,0.0,0.0,538.0,538.0,538.0,154.0,154.0,154.0
132,1,133,Country A,166.0,175.0,208.0,212.0,364.0,116.0,175.88888888888889,2.0,0.0,495.0,0.0,0.0,537.7777777777778,626.0,0.0,643.1111111111111,848.0,0.0,284.0,284.0,284.0,90.0,90.0,90.0,102.0,102.0,102.0,0.0,0.0,0.0,0.0,0.0,0.0,100.0,100.0,100.0,513.0,513.0,513.0,115.0,115.0,115.0
133,2,134,Country A,341.0,168.0,236.0,299.0,307.0,120.0,245.88888888888889,2.0,0.0,513.0,0.0,0.0,615.1111111111111,626.0,0.0,593.4444444444445,848.0,0.0,364.0,364.0,364.0,93.0,93.0,93.0,86.0,86.0,86.0,0.0,0.0,0.0,0.0,0.0,0.0,100.0,100.0,100.0,538.0,538.0,538.0,339.0,339.0,339.0
134,3,135,Country A,382.0,312.0,289.0,371.0,501.0,184.0,273.8,2.0,0.0,473.77777777777777,0.0,0.0,580.3333333333334,626.0,0.0,513.8888888888889,848.0,0.0,440.0,440.0,440.0,106.0,106.0,106.0,114.0,114.0,114.0,0.0,0.0,0.0,0.0,0.0,0.0,0.0,0.0,0.0,538.0,538.0,538.0,253.0,253.0,253.0
135,4,136,Country A,301.0,377.0,237.0,330.0,615.0,247.0,270.1,2.0,0.0,420.44444444444446,0.0,0.0,506.55555555555554,626.0,0.0,437.22222222222223,848.0,0.0,341.0,341.0,341.0,86.0,86.0,86.0,83.0,83.0,83.0,0.0,0.0,0.0,0.0,0.0,0.0,0.0,0.0,0.0,513.0,513.0,513.0,246.0,246.0,246.0
136,5,137,Country A,306.0,399.0,258.0,287.0,579.0,251.0,268.4,2.0,0.0,372.55555555555554,0.0,0.0,431.6666666666667,626.0,0.0,371.0,848.0,0.0,334.0,334.0,334.0,88.0,88.0,88.0,104.0,104.0,104.0,0.0,0.0,0.0,0.0,0.0,0.0,200.0,200.0,200.0,564.0,564.0,564.0,257.0,257.0,257.0
137,6,138,Country A,217.0,355.0,234.0,265.0,531.0,247.0,352.8,2.0,0.0,389.44444444444446,0.0,0.0,468.0,626.0,0.0,376.0,848.0,0.0,230.0,230.0,230.0,66.0,66.0,66.0,86.0,86.0,86.0,0.0,0.0,0.0,0.0,0.0,0.0,300.0,300.0,300.0,641.0,641.0,641.0,280.0,280.0,280.0
138,7,139,Country A,143.0,337.0,225.0,231.0,649.0,274.0,268.22222222222223,2.0,0.0,412.25,0.0,0.0,452.375,626.0,0.0,467.375,848.0,0.0,220.0,220.0,220.0,67.0,67.0,67.0,55.0,55.0,55.0,0.0,0.0,0.0,0.0,0.0,0.0,100.0,100.0,100.0,641.0,641.0,641.0,293.0,293.0,293.0
139,8,140,Country A,168.0,182.0,225.0,255.0,345.0,204.0,24.666666666666668,2.0,0.0,238.5,0.0,0.0,287.75,626.0,0.0,361.875,848.0,0.0,200.0,200.0,200.0,71.0,71.0,71.0,55.0,55.0,55.0,167.0,167.0,167.0,28.0,28.0,28.0,0.0,0.0,0.0,641.0,641.0,641.0,140.0,140.0,140.0
140,9,141,Country A,236.0,276.0,189.0,271.0,421.0,155.0,226.0,2.0,0.0,272.5,0.0,0.0,361.0,626.0,0.0,384.5,848.0,0.0,270.0,270.0,270.0,113.0,113.0,113.0,53.0,53.0,53.0,0.0,0.0,0.0,28.0,28.0,28.0,0.0,0.0,0.0,641.0,641.0,641.0,252.0,252.0,252.0
141,10,142,Country A,204.0,175.0,197.0,242.0,474.0,126.0,240.77777777777777,2.0,0.0,373.75,0.0,0.0,414.625,626.0,0.0,476.375,848.0,0.0,241.0,241.0,241.0,87.0,87.0,87.0,59.0,59.0,59.0,0.0,0.0,0.0,28.0,28.0,28.0,0.0,0.0,0.0,641.0,641.0,641.0,246.0,246.0,246.0
142,11,143,Country A,244.0,120.0,196.0,288.0,448.0,145.0,286.6666666666667,2.0,0.0,506.375,0.0,0.0,521.125,626.0,0.0,599.0,848.0,0.0,238.0,238.0,238.0,74.0,74.0,74.0,41.0,41.0,41.0,500.0,500.0,500.0,111.0,111.0,111.0,300.0,300.0,300.0,513.0,513.0,513.0,243.0,243.0,243.0
143,0,144,Country A,350.0,148.0,165.0,377.0,429.0,218.0,243.11111111111111,2.0,0.0,550.375,0.0,0.0,529.375,626.0,0.0,588.5,848.0,0.0,493.0,493.0,493.0,113.0,113.0,113.0,62.0,62.0,62.0,0.0,0.0,0.0,111.0,111.0,111.0,0.0,0.0,0.0,513.0,513.0,513.0,135.0,135.0,135.0
144,1,145,Country A,361.0,150.0,234.0,367.0,378.0,68.0,175.88888888888889,2.0,0.0,495.0,0.0,0.0,537.7777777777778,626.0,0.0,643.1111111111111,848.0,0.0,402.0,402.0,402.0,126.0,126.0,126.0,67.0,67.0,67.0,0.0,0.0,0.0,111.0,111.0,111.0,0.0,0.0,0.0,513.0,513.0,513.0,170.0,170.0,170.0
145,2,146,Country A,320.0,199.0,201.0,268.0,281.0,95.0,245.88888888888889,2.0,0.0,513.0,0.0,0.0,615.1111111111111,626.0,0.0,593.4444444444445,848.0,0.0,368.0,368.0,368.0,116.0,116.0,116.0,73.0,73.0,73.0,0.0,0.0,0.0,111.0,111.0,111.0,0.0,0.0,0.0,487.0,487.0,487.0,359.0,359.0,359.0
146,3,147,Country A,368.0,417.0,265.0,419.0,600.0,179.0,2.0,2.0,2.0,473.77777777777777,0.0,0.0,580.3333333333334,626.0,0.0,513.8888888888889,848.0,0.0,407.0,407.0,407.0,109.0,109.0,109.0,74.0,74.0,74.0,0.0,0.0,0.0,111.0,111.0,111.0,0.0,0.0,0.0,487.0,487.0,487.0,334.0,334.0,334.0
147,4,148,Country A,300.0,538.0,294.0,597.0,681.0,251.0,2.0,2.0,2.0,420.44444444444446,0.0,0.0,506.55555555555554,626.0,0.0,437.22222222222223,848.0,0.0,327.0,327.0,327.0,83.0,83.0,83.0,63.0,63.0,63.0,0.0,0.0,0.0,111.0,111.0,111.0,0.0,0.0,0.0,487.0,487.0,487.0,235.0,235.0,235.0
148,5,149,Country A,257.0,435.0,327.0,379.0,770.0,261.0,4.0,4.0,4.0,372.55555555555554,0.0,0.0,431.6666666666667,626.0,0.0,371.0,848.0,0.0,307.0,307.0,307.0,92.0,92.0,92.0,84.0,84.0,84.0,0.0,0.0,0.0,111.0,111.0,111.0,0.0,0.0,0.0,487.0,487.0,487.0,276.0,276.0,276.0
149,6,150,Country A,160.0,393.0,263.0,353.0,662.0,303.0,6.0,6.0,6.0,389.44444444444446,0.0,0.0,468.0,626.0,0.0,376.0,848.0,0.0,247.0,247.0,247.0,79.0,79.0,79.0,66.0,66.0,66.0,0.0,0.0,0.0,111.0,111.0,111.0,0.0,0.0,0.0,487.0,487.0,487.0,242.0,242.0,242.0
150,7,151,Country A,171.0,336.0,276.0,382.0,1000.0,304.0,15.0,15.0,15.0,412.25,0.0,0.0,452.375,626.0,0.0,467.375,848.0,0.0,286.0,286.0,286.0,107.0,107.0,107.0,78.0,78.0,78.0,0.0,0.0,0.0,111.0,111.0,111.0,0.0,0.0,0.0,487.0,487.0,487.0,246.0,246.0,246.0
151,8,152,Country A,202.0,188.0,249.0,377.0,393.0,284.0,17.0,17.0,17.0,238.5,0.0,0.0,287.75,626.0,0.0,361.875,848.0,0.0,279.0,279.0,279.0,102.0,102.0,102.0,73.0,73.0,73.0,667.0,667.0,667.0,222.0,222.0,222.0,400.0,400.0,400.0,385.0,385.0,385.0,91.0,91.0,91.0
152,9,153,Country A,305.0,219.0,243.0,369.0,524.0,216.0,49.0,49.0,49.0,272.5,0.0,0.0,361.0,626.0,0.0,384.5,848.0,0.0,361.0,361.0,361.0,117.0,117.0,117.0,72.0,72.0,72.0,0.0,0.0,0.0,222.0,222.0,222.0,0.0,0.0,0.0,385.0,385.0,385.0,263.0,263.0,263.0
153,10,154,Country A,251.0,175.0,239.0,350.0,448.0,225.0,131.0,131.0,131.0,373.75,0.0,0.0,414.625,626.0,0.0,476.375,848.0,0.0,315.0,315.0,315.0,130.0,130.0,130.0,86.0,86.0,86.0,0.0,0.0,0.0,222.0,222.0,222.0,0.0,0.0,0.0,385.0,385.0,385.0,383.0,383.0,383.0
154,11,155,Country A,299.0,173.0,212.0,458.0,562.0,194.0,167.0,167.0,167.0,506.375,0.0,0.0,521.125,626.0,0.0,599.0,848.0,0.0,391.0,391.0,391.0,150.0,150.0,150.0,108.0,108.0,108.0,0.0,0.0,0.0,222.0,222.0,222.0,0.0,0.0,0.0,231.0,231.0,231.0,268.0,268.0,268.0
155,0,156,Country A,271.0,292.0,197.0,463.0,706.0,422.0,229.0,229.0,229.0,550.375,0.0,0.0,529.375,626.0,0.0,588.5,848.0,0.0,327.0,327.0,327.0,111.0,111.0,111.0,91.0,91.0,91.0,0.0,0.0,0.0,222.0,222.0,222.0,0.0,0.0,0.0,231.0,231.0,231.0,344.0,344.0,344.0
156,1,157,Country A,213.0,179.0,309.0,469.0,319.0,148.0,183.0,183.0,183.0,0.0,0.0,0.0,626.0,626.0,626.0,848.0,848.0,848.0,384.0,384.0,384.0,112.0,112.0,112.0,151.0,151.0,151.0,0.0,0.0,0.0,222.0,222.0,222.0,0.0,0.0,0.0,231.0,231.0,231.0,179.0,179.0,179.0
157,2,158,Country A,177.0,164.0,234.0,326.0,262.0,140.0,211.0,211.0,211.0,0.0,0.0,0.0,680.0,680.0,680.0,779.0,779.0,779.0,335.0,335.0,335.0,97.0,97.0,97.0,145.0,145.0,145.0,0.0,0.0,0.0,222.0,222.0,222.0,0.0,0.0,0.0,205.0,205.0,205.0,253.0,253.0,253.0
158,3,159,Country A,362.0,445.0,274.0,422.0,539.0,229.0,329.0,329.0,329.0,0.0,0.0,0.0,655.0,655.0,655.0,658.0,658.0,658.0,454.0,454.0,454.0,126.0,126.0,126.0,150.0,150.0,150.0,167.0,167.0,167.0,250.0,250.0,250.0,0.0,0.0,0.0,205.0,205.0,205.0,311.0,311.0,311.0
159,4,160,Country A,280.0,635.0,365.0,651.0,560.0,437.0,417.0,417.0,417.0,0.0,0.0,0.0,569.0,569.0,569.0,552.0,552.0,552.0,384.0,384.0,384.0,107.0,107.0,107.0,138.0,138.0,138.0,0.0,0.0,0.0,250.0,250.0,250.0,0.0,0.0,0.0,205.0,205.0,205.0,416.0,416.0,416.0
160,5,161,Country A,347.0,584.0,332.0,571.0,505.0,416.0,245.0,245.0,245.0,0.0,0.0,0.0,359.0,359.0,359.0,422.0,422.0,422.0,426.0,426.0,426.0,134.0,134.0,134.0,162.0,162.0,162.0,333.0,333.0,333.0,306.0,306.0,306.0,0.0,0.0,0.0,205.0,205.0,205.0,224.0,224.0,224.0
161,6,162,Country A,307.0,301.0,324.0,538.0,480.0,430.0,289.0,289.0,289.0,0.0,0.0,0.0,363.0,363.0,363.0,459.0,459.0,459.0,404.0,404.0,404.0,128.0,128.0,128.0,170.0,170.0,170.0,167.0,167.0,167.0,333.0,333.0,333.0,200.0,200.0,200.0,256.0,256.0,256.0,303.0,303.0,303.0
162,7,163,Country A,287.0,287.0,307.0,492.0,512.0,309.0,293.0,293.0,293.0,0.0,0.0,0.0,397.0,397.0,397.0,592.0,592.0,592.0,436.0,436.0,436.0,116.0,116.0,116.0,124.0,124.0,124.0,0.0,0.0,0.0,333.0,333.0,333.0,200.0,200.0,200.0,308.0,308.0,308.0,305.0,305.0,305.0
163,8,164,Country A,239.0,136.0,245.0,439.0,260.0,229.0,79.0,79.0,79.0,0.0,0.0,0.0,379.0,379.0,379.0,586.0,586.0,586.0,364.0,364.0,364.0,125.0,125.0,125.0,122.0,122.0,122.0,0.0,0.0,0.0,333.0,333.0,333.0,0.0,0.0,0.0,308.0,308.0,308.0,125.0,125.0,125.0
164,9,165,Country A,336.0,197.0,255.0,473.0,285.0,208.0,279.0,279.0,279.0,0.0,0.0,0.0,451.0,451.0,451.0,597.0,597.0,597.0,400.0,400.0,400.0,132.0,132.0,132.0,140.0,140.0,140.0,333.0,333.0,333.0,389.0,389.0,389.0,0.0,0.0,0.0,308.0,308.0,308.0,337.0,337.0,337.0
165,10,166,Country A,301.0,293.0,239.0,411.0,381.0,257.0,173.0,173.0,173.0,0.0,0.0,0.0,473.0,473.0,473.0,638.0,638.0,638.0,400.0,400.0,400.0,130.0,130.0,130.0,133.0,133.0,133.0,0.0,0.0,0.0,389.0,389.0,389.0,200.0,200.0,200.0,359.0,359.0,359.0,233.0,233.0,233.0
166,11,167,Country A,257.0,282.0,237.0,436.0,321.0,228.0,287.0,287.0,287.0,0.0,0.0,0.0,549.0,549.0,549.0,644.0,644.0,644.0,352.0,352.0,352.0,114.0,114.0,114.0,125.0,125.0,125.0,0.0,0.0,0.0,389.0,389.0,389.0,200.0,200.0,200.0,410.0,410.0,410.0,328.0,328.0,328.0
167,0,168,Country A,253.0,400.0,243.0,423.0,387.0,462.0,257.0,257.0,257.0,0.0,0.0,0.0,524.0,524.0,524.0,628.0,628.0,628.0,384.0,384.0,384.0,82.0,82.0,82.0,99.0,99.0,99.0,0.0,0.0,0.0,389.0,389.0,389.0,0.0,0.0,0.0,410.0,410.0,410.0,253.0,253.0,253.0
168,1,169,Country A,323.0,272.0,283.0,466.0,195.0,158.0,197.0,197.0,197.0,0.0,0.0,0.0,526.0,526.0,526.0,558.0,558.0,558.0,439.0,439.0,439.0,137.0,137.0,137.0,337.0,337.0,337.0,333.0,333.0,333.0,444.0,444.0,444.0,0.0,0.0,0.0,410.0,410.0,410.0,180.0,180.0,180.0
169,2,170,Country A,287.0,272.0,256.0,395.0,192.0,151.0,262.0,262.0,262.0,0.0,0.0,0.0,590.0,590.0,590.0,480.0,480.0,480.0,428.0,428.0,428.0,126.0,126.0,126.0,141.0,141.0,141.0,0.0,0.0,0.0,444.0,444.0,444.0,0.0,0.0,0.0,410.0,410.0,410.0,285.0,285.0,285.0
170,3,171,Country A,343.0,484.0,313.0,544.0,412.0,250.0,321.0,321.0,321.0,0.0,0.0,0.0,567.0,567.0,567.0,438.0,438.0,438.0,423.0,423.0,423.0,114.0,114.0,114.0,129.0,129.0,129.0,0.0,0.0,0.0,444.0,444.0,444.0,0.0,0.0,0.0,410.0,410.0,410.0,319.0,319.0,319.0
171,4,172,Country A,240.0,518.0,279.0,543.0,345.0,335.0,289.0,289.0,289.0,0.0,0.0,0.0,497.0,497.0,497.0,432.0,432.0,432.0,366.0,366.0,366.0,100.0,100.0,100.0,125.0,125.0,125.0,0.0,0.0,0.0,444.0,444.0,444.0,0.0,0.0,0.0,410.0,410.0,410.0,282.0,282.0,282.0
172,5,173,Country A,200.0,472.0,272.0,528.0,368.0,356.0,194.0,194.0,194.0,0.0,0.0,0.0,403.0,403.0,403.0,388.0,388.0,388.0,351.0,351.0,351.0,109.0,109.0,109.0,124.0,124.0,124.0,0.0,0.0,0.0,444.0,444.0,444.0,0.0,0.0,0.0,410.0,410.0,410.0,285.0,285.0,285.0
173,6,174,Country A,196.0,453.0,284.0,391.0,393.0,318.0,212.0,212.0,212.0,0.0,0.0,0.0,345.0,345.0,345.0,388.0,388.0,388.0,310.0,310.0,310.0,90.0,90.0,90.0,115.0,115.0,115.0,0.0,0.0,0.0,444.0,444.0,444.0,0.0,0.0,0.0,410.0,410.0,410.0,307.0,307.0,307.0
174,7,175,Country A,202.0,433.0,304.0,451.0,330.0,377.0,378.0,378.0,378.0,0.0,0.0,0.0,474.0,474.0,474.0,548.0,548.0,548.0,335.0,335.0,335.0,98.0,98.0,98.0,105.0,105.0,105.0,0.0,0.0,0.0,444.0,444.0,444.0,0.0,0.0,0.0,385.0,385.0,385.0,412.0,412.0,412.0
175,8,176,Country A,199.0,292.0,252.0,356.0,184.0,268.0,43.0,43.0,43.0,0.0,0.0,0.0,329.0,329.0,329.0,448.0,448.0,448.0,310.0,310.0,310.0,100.0,100.0,100.0,110.0,110.0,110.0,0.0,0.0,0.0,444.0,444.0,444.0,0.0,0.0,0.0,385.0,385.0,385.0,38.0,38.0,38.0
176,9,177,Country A,283.0,304.0,267.0,341.0,249.0,175.0,330.0,330.0,330.0,0.0,0.0,0.0,442.0,442.0,442.0,588.0,588.0,588.0,341.0,341.0,341.0,98.0,98.0,98.0,102.0,102.0,102.0,0.0,0.0,0.0,417.0,417.0,417.0,0.0,0.0,0.0,385.0,385.0,385.0,340.0,340.0,340.0
177,10,178,Country A,191.0,306.0,277.0,489.0,338.0,239.0,316.0,316.0,316.0,283.0,283.0,283.0,529.0,529.0,529.0,752.0,752.0,752.0,351.0,351.0,351.0,109.0,109.0,109.0,99.0,99.0,99.0,667.0,667.0,667.0,528.0,528.0,528.0,400.0,400.0,400.0,487.0,487.0,487.0,299.0,299.0,299.0
178,11,179,Country A,231.0,256.0,213.0,411.0,235.0,222.0,325.0,325.0,325.0,559.0,559.0,559.0,656.0,656.0,656.0,937.0,937.0,937.0,358.0,358.0,358.0,107.0,107.0,107.0,113.0,113.0,113.0,0.0,0.0,0.0,528.0,528.0,528.0,0.0,0.0,0.0,487.0,487.0,487.0,336.0,336.0,336.0
179,0,180,Country A,212.0,284.0,211.0,384.0,292.0,370.0,275.0,275.0,275.0,705.0,705.0,705.0,720.0,720.0,720.0,1000.0,1000.0,1000.0,339.0,339.0,339.0,83.0,83.0,83.0,78.0,78.0,78.0,0.0,0.0,0.0,528.0,528.0,528.0,0.0,0.0,0.0,487.0,487.0,487.0,295.0,295.0,295.0
180,1,181,Country A,344.0,286.0,222.0,428.0,180.0,89.0,186.0,186.0,186.0,724.0,724.0,724.0,703.0,703.0,703.0,998.0,998.0,998.0,445.0,445.0,445.0,126.0,126.0,126.0,102.0,102.0,102.0,167.0,167.0,167.0,556.0,556.0,556.0,0.0,0.0,0.0,487.0,487.0,487.0,192.0,192.0,192.0
181,2,182,Country A,371.0,268.0,233.0,455.0,195.0,128.0,349.0,349.0,349.0,840.0,840.0,840.0,844.0,844.0,844.0,968.0,968.0,968.0,512.0,512.0,512.0,141.0,141.0,141.0,125.0,125.0,125.0,0.0,0.0,0.0,556.0,556.0,556.0,200.0,200.0,200.0,538.0,538.0,538.0,333.0,333.0,333.0
182,3,183,Country A,1000.0,692.0,365.0,960.0,342.0,251.0,280.0,280.0,280.0,675.0,675.0,675.0,653.0,653.0,653.0,602.0,602.0,602.0,1000.0,1000.0,1000.0,220.0,220.0,220.0,165.0,165.0,165.0,167.0,167.0,167.0,583.0,583.0,583.0,0.0,0.0,0.0,538.0,538.0,538.0,293.0,293.0,293.0
183,4,184,Country A,464.0,560.0,306.0,662.0,376.0,345.0,314.0,314.0,314.0,622.0,622.0,622.0,576.0,576.0,576.0,559.0,559.0,559.0,622.0,622.0,622.0,157.0,157.0,157.0,122.0,122.0,122.0,0.0,0.0,0.0,583.0,583.0,583.0,0.0,0.0,0.0,538.0,538.0,538.0,324.0,324.0,324.0
184,5,185,Country A,416.0,628.0,259.0,568.0,368.0,321.0,296.0,296.0,296.0,451.0,451.0,451.0,440.0,440.0,440.0,497.0,497.0,497.0,531.0,531.0,531.0,136.0,136.0,136.0,118.0,118.0,118.0,0.0,0.0,0.0,583.0,583.0,583.0,400.0,400.0,400.0,641.0,641.0,641.0,271.0,271.0,271.0
185,6,186,Country A,412.0,431.0,295.0,573.0,383.0,439.0,401.0,401.0,401.0,533.0,533.0,533.0,522.0,522.0,522.0,534.0,534.0,534.0,534.0,534.0,534.0,135.0,135.0,135.0,129.0,129.0,129.0,0.0,0.0,0.0,583.0,583.0,583.0,0.0,0.0,0.0,641.0,641.0,641.0,425.0,425.0,425.0
186,7,187,Country A,452.0,623.0,274.0,590.0,366.0,367.0,474.0,474.0,474.0,659.0,659.0,659.0,547.0,547.0,547.0,586.0,586.0,586.0,585.0,585.0,585.0,145.0,145.0,145.0,117.0,117.0,117.0,0.0,0.0,0.0,583.0,583.0,583.0,0.0,0.0,0.0,641.0,641.0,641.0,500.0,500.0,500.0
187,8,188,Country A,231.0,338.0,283.0,437.0,302.0,282.0,9.0,9.0,9.0,422.0,422.0,422.0,339.0,339.0,339.0,428.0,428.0,428.0,404.0,404.0,404.0,100.0,100.0,100.0,94.0,94.0,94.0,0.0,0.0,0.0,583.0,583.0,583.0,0.0,0.0,0.0,641.0,641.0,641.0,21.0,21.0,21.0
188,9,189,Country A,40.0,58.0,262.0,384.0,328.0,219.0,337.0,337.0,337.0,447.0,447.0,447.0,405.0,405.0,405.0,356.0,356.0,356.0,345.0,345.0,345.0,115.0,115.0,115.0,85.0,85.0,85.0,667.0,667.0,667.0,694.0,694.0,694.0,400.0,400.0,400.0,744.0,744.0,744.0,338.0,338.0,338.0
189,10,190,Country A,271.0,424.0,320.0,472.0,355.0,263.0,249.0,249.0,249.0,419.0,419.0,419.0,354.0,354.0,354.0,305.0,305.0,305.0,428.0,428.0,428.0,143.0,143.0,143.0,96.0,96.0,96.0,1000.0,1000.0,1000.0,861.0,861.0,861.0,0.0,0.0,0.0,744.0,744.0,744.0,261.0,261.0,261.0
190,11,191,Country A,189.0,300.0,265.0,400.0,321.0,197.0,364.0,364.0,364.0,432.0,432.0,432.0,491.0,491.0,491.0,505.0,505.0,505.0,367.0,367.0,367.0,110.0,110.0,110.0,78.0,78.0,78.0,0.0,0.0,0.0,861.0,861.0,861.0,1000.0,1000.0,1000.0,1000.0,1000.0,1000.0,303.0,303.0,303.0
191,0,192,Country A,334.0,247.0,227.0,490.0,347.0,246.0,304.0,304.0,304.0,787.0,787.0,787.0,605.0,605.0,605.0,354.0,354.0,354.0,467.0,467.0,467.0,126.0,126.0,126.0,81.0,81.0,81.0,667.0,667.0,667.0,972.0,972.0,972.0,0.0,0.0,0.0,1000.0,1000.0,1000.0,339.0,339.0,339.0
192,1,193,Country A,358.0,303.0,313.0,492.0,235.0,101.0,108.0,108.0,108.0,668.0,668.0,668.0,508.0,508.0,508.0,596.0,596.0,596.0,415.0,415.0,415.0,113.0,113.0,113.0,70.0,70.0,70.0,0.0,0.0,0.0,972.0,972.0,972.0,0.0,0.0,0.0,385.0,385.0,385.0,137.0,137.0,137.0
193,2,194,Country A,387.0,323.0,309.0,550.0,245.0,177.0,234.0,234.0,234.0,616.0,616.0,616.0,511.0,511.0,511.0,479.0,479.0,479.0,479.0,479.0,479.0,121.0,121.0,121.0,88.0,88.0,88.0,0.0,0.0,0.0,972.0,972.0,972.0,0.0,0.0,0.0,385.0,385.0,385.0,240.0,240.0,240.0
194,3,195,Country A,449.0,447.0,340.0,718.0,461.0,194.0,319.0,319.0,319.0,556.0,556.0,556.0,511.0,511.0,511.0,417.0,417.0,417.0,524.0,524.0,524.0,131.0,131.0,131.0,91.0,91.0,91.0,167.0,167.0,167.0,1000.0,1000.0,1000.0,0.0,0.0,0.0,385.0,385.0,385.0,362.0,362.0,362.0
195,4,196,Country A,320.0,651.0,341.0,631.0,600.0,272.0,425.0,425.0,425.0,489.0,489.0,489.0,475.0,475.0,475.0,370.0,370.0,370.0,397.0,397.0,397.0,111.0,111.0,111.0,79.0,79.0,79.0,0.0,0.0,0.0,444.0,444.0,444.0,0.0,0.0,0.0,385.0,385.0,385.0,424.0,424.0,424.0
196,5,197,Country A,283.0,590.0,320.0,551.0,658.0,325.0,354.0,354.0,354.0,446.0,446.0,446.0,415.0,415.0,415.0,333.0,333.0,333.0,335.0,335.0,335.0,91.0,91.0,91.0,80.0,80.0,80.0,0.0,0.0,0.0,444.0,444.0,444.0,100.0,100.0,100.0,410.0,410.0,410.0,311.0,311.0,311.0
197,6,198,Country A,103.0,619.0,393.0,550.0,495.0,441.0,509.0,509.0,509.0,537.0,537.0,537.0,474.0,474.0,474.0,310.0,310.0,310.0,362.0,362.0,362.0,99.0,99.0,99.0,86.0,86.0,86.0,0.0,0.0,0.0,444.0,444.0,444.0,0.0,0.0,0.0,410.0,410.0,410.0,503.0,503.0,503.0
198,7,199,Country A,156.0,603.0,326.0,411.0,471.0,359.0,360.0,360.0,360.0,470.0,470.0,470.0,411.0,411.0,411.0,376.0,376.0,376.0,273.0,273.0,273.0,92.0,92.0,92.0,67.0,67.0,67.0,0.0,0.0,0.0,444.0,444.0,444.0,0.0,0.0,0.0,410.0,410.0,410.0,384.0,384.0,384.0
199,8,200,Country A,197.0,289.0,307.0,493.0,328.0,306.0,21.0,21.0,21.0,280.0,280.0,280.0,245.0,245.0,245.0,270.0,270.0,270.0,297.0,297.0,297.0,95.0,95.0,95.0,70.0,70.0,70.0,0.0,0.0,0.0,444.0,444.0,444.0,0.0,0.0,0.0,410.0,410.0,410.0,12.0,12.0,12.0
200,9,201,Country A,193.0,338.0,281.0,525.0,389.0,225.0,297.0,297.0,297.0,309.0,309.0,309.0,294.0,294.0,294.0,293.0,293.0,293.0,267.0,267.0,267.0,97.0,97.0,97.0,76.0,76.0,76.0,0.0,0.0,0.0,444.0,444.0,444.0,0.0,0.0,0.0,410.0,410.0,410.0,400.0,400.0,400.0
201,10,202,Country A,168.0,347.0,323.0,465.0,436.0,216.0,306.0,306.0,306.0,450.0,450.0,450.0,346.0,346.0,346.0,369.0,369.0,369.0,260.0,260.0,260.0,80.0,80.0,80.0,66.0,66.0,66.0,0.0,0.0,0.0,444.0,444.0,444.0,0.0,0.0,0.0,410.0,410.0,410.0,295.0,295.0,295.0
202,11,203,Country A,146.0,269.0,344.0,479.0,340.0,211.0,326.0,326.0,326.0,629.0,629.0,629.0,465.0,465.0,465.0,492.0,492.0,492.0,390.0,390.0,390.0,153.0,153.0,153.0,87.0,87.0,87.0,0.0,0.0,0.0,444.0,444.0,444.0,0.0,0.0,0.0,410.0,410.0,410.0,329.0,329.0,329.0
203,0,204,Country A,162.0,300.0,300.0,429.0,461.0,286.0,239.0,239.0,239.0,617.0,617.0,617.0,487.0,487.0,487.0,558.0,558.0,558.0,555.0,555.0,555.0,163.0,163.0,163.0,111.0,111.0,111.0,0.0,0.0,0.0,444.0,444.0,444.0,0.0,0.0,0.0,410.0,410.0,410.0,227.0,227.0,227.0
204,1,205,Country A,380.0,234.0,339.0,542.0,283.0,124.0,131.0,131.0,131.0,619.0,619.0,619.0,455.0,455.0,455.0,573.0,573.0,573.0,779.0,779.0,779.0,234.0,234.0,234.0,131.0,131.0,131.0,833.0,833.0,833.0,583.0,583.0,583.0,0.0,0.0,0.0,359.0,359.0,359.0,81.0,81.0,81.0
205,2,206,Country A,325.0,201.0,263.0,510.0,262.0,119.0,167.0,167.0,167.0,549.0,549.0,549.0,475.0,475.0,475.0,469.0,469.0,469.0,418.0,418.0,418.0,187.0,187.0,187.0,135.0,135.0,135.0,0.0,0.0,0.0,583.0,583.0,583.0,500.0,500.0,500.0,487.0,487.0,487.0,203.0,203.0,203.0
206,3,207,Country A,798.0,467.0,384.0,1000.0,457.0,250.0,394.0,394.0,394.0,665.0,665.0,665.0,528.0,528.0,528.0,523.0,523.0,523.0,938.0,938.0,938.0,324.0,324.0,324.0,207.0,207.0,207.0,167.0,167.0,167.0,611.0,611.0,611.0,0.0,0.0,0.0,487.0,487.0,487.0,365.0,365.0,365.0
207,4,208,Country A,474.0,591.0,332.0,731.0,476.0,295.0,327.0,327.0,327.0,576.0,576.0,576.0,443.0,443.0,443.0,465.0,465.0,465.0,670.0,670.0,670.0,219.0,219.0,219.0,182.0,182.0,182.0,0.0,0.0,0.0,556.0,556.0,556.0,100.0,100.0,100.0,513.0,513.0,513.0,333.0,333.0,333.0
208,5,209,Country A,426.0,625.0,413.0,721.0,531.0,420.0,385.0,385.0,385.0,464.0,464.0,464.0,387.0,387.0,387.0,376.0,376.0,376.0,668.0,668.0,668.0,220.0,220.0,220.0,196.0,196.0,196.0,0.0,0.0,0.0,556.0,556.0,556.0,0.0,0.0,0.0,513.0,513.0,513.0,384.0,384.0,384.0
209,6,210,Country A,363.0,482.0,338.0,653.0,495.0,325.0,452.0,452.0,452.0,517.0,517.0,517.0,484.0,484.0,484.0,392.0,392.0,392.0,607.0,607.0,607.0,204.0,204.0,204.0,193.0,193.0,193.0,333.0,333.0,333.0,611.0,611.0,611.0,0.0,0.0,0.0,513.0,513.0,513.0,485.0,485.0,485.0
210,7,211,Country A,478.0,642.0,370.0,689.0,406.0,352.0,398.0,398.0,398.0,620.0,620.0,620.0,429.0,429.0,429.0,517.0,517.0,517.0,655.0,655.0,655.0,241.0,241.0,241.0,287.0,287.0,287.0,0.0,0.0,0.0,611.0,611.0,611.0,0.0,0.0,0.0,513.0,513.0,513.0,389.0,389.0,389.0
211,8,212,Country A,334.0,306.0,367.0,649.0,317.0,289.0,26.0,26.0,26.0,353.0,353.0,353.0,257.0,257.0,257.0,367.0,367.0,367.0,580.0,580.0,580.0,190.0,190.0,190.0,206.0,206.0,206.0,0.0,0.0,0.0,611.0,611.0,611.0,0.0,0.0,0.0,513.0,513.0,513.0,73.71428571428571,420.5,0.0
212,9,213,Country A,277.0,324.0,283.0,565.0,387.0,190.0,414.0,414.0,414.0,478.0,478.0,478.0,419.0,419.0,419.0,415.0,415.0,415.0,494.0,494.0,494.0,180.0,180.0,180.0,156.0,156.0,156.0,0.0,0.0,0.0,611.0,611.0,611.0,100.0,100.0,100.0,538.0,538.0,538.0,452.0,452.0,452.0
213,10,214,Country A,285.0,381.0,330.0,534.0,416.0,235.0,301.0,301.0,301.0,608.0,608.0,608.0,445.0,445.0,445.0,555.0,555.0,555.0,487.0,487.0,487.0,183.0,183.0,183.0,176.0,176.0,176.0,167.0,167.0,167.0,639.0,639.0,639.0,0.0,0.0,0.0,538.0,538.0,538.0,300.0,300.0,300.0
214,11,215,Country A,256.0,357.0,307.0,521.0,340.0,237.0,377.0,377.0,377.0,740.0,740.0,740.0,553.0,553.0,553.0,639.0,639.0,639.0,480.0,480.0,480.0,173.0,173.0,173.0,164.0,164.0,164.0,0.0,0.0,0.0,639.0,639.0,639.0,100.0,100.0,100.0,564.0,564.0,564.0,436.0,436.0,436.0
215,0,216,Country A,244.0,312.0,224.0,466.0,397.0,355.0,252.0,252.0,252.0,685.0,685.0,685.0,578.0,578.0,578.0,635.0,635.0,635.0,502.0,502.0,502.0,155.0,155.0,155.0,203.0,203.0,203.0,0.0,0.0,0.0,639.0,639.0,639.0,100.0,100.0,100.0,590.0,590.0,590.0,193.0,193.0,193.0
216,1,217,Country A,344.0,303.0,296.0,552.0,247.0,140.0,307.0,307.0,307.0,816.0,816.0,816.0,659.0,659.0,659.0,667.0,667.0,667.0,517.0,517.0,517.0,211.0,211.0,211.0,185.0,185.0,185.0,0.0,0.0,0.0,639.0,639.0,639.0,0.0,0.0,0.0,590.0,590.0,590.0,233.0,233.0,233.0
217,2,218,Country A,441.0,331.0,247.0,533.0,247.0,172.0,328.0,328.0,328.0,808.0,808.0,808.0,741.0,741.0,741.0,564.0,564.0,564.0,580.0,580.0,580.0,225.0,225.0,225.0,232.0,232.0,232.0,167.0,167.0,167.0,667.0,667.0,667.0,0.0,0.0,0.0,590.0,590.0,590.0,439.0,439.0,439.0
218,3,219,Country A,555.0,662.0,316.0,827.0,461.0,244.0,437.0,437.0,437.0,718.0,718.0,718.0,711.0,711.0,711.0,461.0,461.0,461.0,841.0,841.0,841.0,253.0,253.0,253.0,241.0,241.0,241.0,0.0,0.0,0.0,667.0,667.0,667.0,0.0,0.0,0.0,590.0,590.0,590.0,449.0,449.0,449.0
219,4,220,Country A,459.0,865.0,360.0,884.0,397.0,372.0,467.0,467.0,467.0,562.0,562.0,562.0,581.0,581.0,581.0,374.0,374.0,374.0,802.0,802.0,802.0,232.0,232.0,232.0,252.0,252.0,252.0,0.0,0.0,0.0,667.0,667.0,667.0,0.0,0.0,0.0,590.0,590.0,590.0,430.0,430.0,430.0
220,5,221,Country A,236.0,728.0,361.0,655.0,512.0,476.0,705.0,705.0,705.0,698.0,698.0,698.0,746.0,746.0,746.0,455.0,455.0,455.0,503.0,503.0,503.0,166.0,166.0,166.0,202.0,202.0,202.0,0.0,0.0,0.0,667.0,667.0,667.0,0.0,0.0,0.0,590.0,590.0,590.0,727.0,727.0,727.0
221,6,222,Country A,185.0,1000.0,375.0,602.0,474.0,501.0,1000.0,1000.0,1000.0,1000.0,1000.0,1000.0,1000.0,1000.0,1000.0,794.0,794.0,794.0,471.0,471.0,471.0,162.0,162.0,162.0,180.0,180.0,180.0,0.0,0.0,0.0,667.0,667.0,667.0,0.0,0.0,0.0,590.0,590.0,590.0,1000.0,1000.0,1000.0
222,7,223,Country A,185.0,947.0,433.0,604.0,444.0,792.0,229.0,229.0,229.0,856.0,856.0,856.0,645.0,645.0,645.0,700.0,700.0,700.0,464.0,464.0,464.0,160.0,160.0,160.0,191.0,191.0,191.0,0.0,0.0,0.0,667.0,667.0,667.0,0.0,0.0,0.0,590.0,590.0,590.0,296.0,296.0,296.0
223,8,224,Country A,96.0,498.0,344.0,595.0,290.0,454.0,2.0,2.0,2.0,441.0,441.0,441.0,329.0,329.0,329.0,493.0,493.0,493.0,462.0,462.0,462.0,147.0,147.0,147.0,182.0,182.0,182.0,0.0,0.0,0.0,667.0,667.0,667.0,0.0,0.0,0.0,128.0,128.0,128.0,73.71428571428571,254.66666666666666,0.0
224,9,225,Country A,123.0,151.0,314.0,474.0,315.0,277.0,9.0,9.0,9.0,345.0,345.0,345.0,240.0,240.0,240.0,377.0,377.0,377.0,358.0,358.0,358.0,121.0,121.0,121.0,169.0,169.0,169.0,0.0,0.0,0.0,667.0,667.0,667.0,200.0,200.0,200.0,179.0,179.0,179.0,319.73333333333335,213.33333333333331,0.0
225,10,226,Country A,129.0,94.0,326.0,467.0,307.0,233.0,99.0,99.0,99.0,367.0,367.0,367.0,332.0,332.0,332.0,414.0,414.0,414.0,346.0,346.0,346.0,150.0,150.0,150.0,154.0,154.0,154.0,0.0,0.0,0.0,667.0,667.0,667.0,0.0,0.0,0.0,179.0,179.0,179.0,172.0,172.0,172.0
226,11,227,Country A,172.0,214.0,351.0,462.0,334.0,232.0,100.0,100.0,100.0,530.0,530.0,530.0,388.0,388.0,388.0,510.0,510.0,510.0,394.0,394.0,394.0,155.0,155.0,155.0,171.0,171.0,171.0,333.0,333.0,333.0,306.0,306.0,306.0,0.0,0.0,0.0,179.0,179.0,179.0,235.0,235.0,235.0
227,0,228,Country A,266.0,236.0,233.0,421.0,262.0,406.0,120.0,120.0,120.0,421.0,421.0,421.0,344.0,344.0,344.0,409.0,409.0,409.0,381.0,381.0,381.0,146.0,146.0,146.0,152.0,152.0,152.0,0.0,0.0,0.0,306.0,306.0,306.0,0.0,0.0,0.0,179.0,179.0,179.0,120.0,120.0,120.0
228,1,229,Country A,380.0,120.0,346.0,633.0,216.0,134.0,108.0,108.0,108.0,479.0,479.0,479.0,364.0,364.0,364.0,449.0,449.0,449.0,419.0,419.0,419.0,196.0,196.0,196.0,132.0,132.0,132.0,333.0,333.0,333.0,333.0,333.0,333.0,0.0,0.0,0.0,179.0,179.0,179.0,124.0,124.0,124.0
229,2,230,Country A,350.0,136.0,256.0,544.0,239.0,179.0,93.0,93.0,93.0,585.0,585.0,585.0,498.0,498.0,498.0,575.0,575.0,575.0,439.0,439.0,439.0,190.0,190.0,190.0,154.0,154.0,154.0,0.0,0.0,0.0,333.0,333.0,333.0,200.0,200.0,200.0,231.0,231.0,231.0,230.0,230.0,230.0
230,3,231,Country A,408.0,308.0,361.0,664.0,332.0,271.0,40.0,40.0,40.0,477.0,477.0,477.0,456.0,456.0,456.0,562.0,562.0,562.0,506.0,506.0,506.0,197.0,197.0,197.0,202.0,202.0,202.0,0.0,0.0,0.0,333.0,333.0,333.0,0.0,0.0,0.0,231.0,231.0,231.0,232.0,232.0,232.0
231,4,232,Country A,397.0,405.0,338.0,809.0,362.0,318.0,22.0,22.0,22.0,417.0,417.0,417.0,383.0,383.0,383.0,381.0,381.0,381.0,622.0,622.0,622.0,193.0,193.0,193.0,251.0,251.0,251.0,0.0,0.0,0.0,333.0,333.0,333.0,100.0,100.0,100.0,256.0,256.0,256.0,276.0,276.0,276.0
232,5,233,Country A,486.0,575.0,443.0,771.0,624.0,406.0,27.0,27.0,27.0,418.0,418.0,418.0,401.0,401.0,401.0,321.0,321.0,321.0,771.0,771.0,771.0,202.0,202.0,202.0,256.0,256.0,256.0,167.0,167.0,167.0,361.0,361.0,361.0,0.0,0.0,0.0,256.0,256.0,256.0,425.0,425.0,425.0
233,6,234,Country A,260.0,444.0,409.0,630.0,660.0,416.0,9.0,9.0,9.0,263.0,263.0,263.0,299.0,299.0,299.0,227.0,227.0,227.0,511.0,511.0,511.0,153.0,153.0,153.0,190.0,190.0,190.0,0.0,0.0,0.0,333.0,333.0,333.0,100.0,100.0,100.0,282.0,282.0,282.0,166.0,166.0,166.0
234,7,235,Country A,237.0,506.0,492.0,736.0,569.0,380.0,18.0,18.0,18.0,403.0,403.0,403.0,467.0,467.0,467.0,264.0,264.0,264.0,567.0,567.0,567.0,191.0,191.0,191.0,217.0,217.0,217.0,333.0,333.0,333.0,361.0,361.0,361.0,0.0,0.0,0.0,154.0,154.0,154.0,570.0,570.0,570.0
235,8,236,Country A,260.0,502.0,366.0,635.0,440.0,384.0,10.0,10.0,10.0,288.0,288.0,288.0,315.0,315.0,315.0,212.0,212.0,212.0,540.0,540.0,540.0,180.0,180.0,180.0,197.0,197.0,197.0,0.0,0.0,0.0,361.0,361.0,361.0,200.0,200.0,200.0,205.0,205.0,205.0,200.0,200.0,200.0
236,9,237,Country A,214.0,510.0,393.0,597.0,493.0,292.0,85.0,85.0,85.0,451.0,451.0,451.0,439.0,439.0,439.0,377.0,377.0,377.0,482.0,482.0,482.0,165.0,165.0,165.0,191.0,191.0,191.0,333.0,333.0,333.0,417.0,417.0,417.0,0.0,0.0,0.0,205.0,205.0,205.0,479.0,479.0,479.0
237,10,238,Country A,202.0,483.0,375.0,561.0,520.0,323.0,199.0,199.0,199.0,644.0,644.0,644.0,584.0,584.0,584.0,667.0,667.0,667.0,468.0,468.0,468.0,161.0,161.0,161.0,202.0,202.0,202.0,0.0,0.0,0.0,417.0,417.0,417.0,200.0,200.0,200.0,256.0,256.0,256.0,603.0,603.0,603.0
238,11,239,Country A,256.0,419.0,348.0,513.0,459.0,277.0,317.0,317.0,317.0,830.0,830.0,830.0,756.0,756.0,756.0,927.0,927.0,927.0,464.0,464.0,464.0,168.0,168.0,168.0,267.0,267.0,267.0,0.0,0.0,0.0,278.0,278.0,278.0,200.0,200.0,200.0,308.0,308.0,308.0,400.0,400.0,400.0
239,0,240,Country A,219.0,329.0,300.0,458.0,452.0,397.0,207.0,207.0,207.0,929.0,929.0,929.0,763.0,763.0,763.0,944.0,944.0,944.0,496.0,496.0,496.0,131.0,131.0,131.0,325.0,325.0,325.0,0.0,0.0,0.0,278.0,278.0,278.0,0.0,0.0,0.0,282.0,282.0,282.0,225.0,225.0,225.0
240,1,241,Country A,269.0,276.0,373.0,492.0,347.0,175.0,184.0,184.0,184.0,877.0,877.0,877.0,750.0,750.0,750.0,918.0,918.0,918.0,474.0,474.0,474.0,212.0,212.0,212.0,174.0,174.0,174.0,0.0,0.0,0.0,278.0,278.0,278.0,0.0,0.0,0.0,256.0,256.0,256.0,170.0,170.0,170.0
241,2,242,Country A,249.0,239.0,291.0,508.0,359.0,170.0,272.0,272.0,272.0,893.0,893.0,893.0,840.0,840.0,840.0,854.0,854.0,854.0,466.0,466.0,466.0,180.0,180.0,180.0,182.0,182.0,182.0,0.0,0.0,0.0,278.0,278.0,278.0,0.0,0.0,0.0,256.0,256.0,256.0,282.0,282.0,282.0
242,3,243,Country A,489.0,393.0,363.0,753.0,503.0,293.0,159.0,159.0,159.0,822.0,822.0,822.0,731.0,731.0,731.0,822.0,822.0,822.0,703.0,703.0,703.0,223.0,223.0,223.0,225.0,225.0,225.0,333.0,333.0,333.0,306.0,306.0,306.0,0.0,0.0,0.0,256.0,256.0,256.0,307.0,307.0,307.0
243,4,244,Country A,243.0,331.0,276.0,563.0,507.0,189.0,2.0,2.0,2.0,626.0,626.0,626.0,521.0,521.0,521.0,628.0,628.0,628.0,431.0,431.0,431.0,158.0,158.0,158.0,154.0,154.0,154.0,0.0,0.0,0.0,278.0,278.0,278.0,0.0,0.0,0.0,256.0,256.0,256.0,194.0,194.0,194.0
244,5,245,Country A,351.0,400.0,472.0,779.0,638.0,316.0,191.0,191.0,191.0,547.0,547.0,547.0,437.0,437.0,437.0,446.0,446.0,446.0,663.0,663.0,663.0,245.0,245.0,245.0,263.0,263.0,263.0,333.0,333.0,333.0,333.0,333.0,333.0,0.0,0.0,0.0,256.0,256.0,256.0,192.0,192.0,192.0
245,6,246,Country A,536.0,447.0,531.0,926.0,649.0,398.0,285.0,285.0,285.0,427.0,427.0,427.0,406.0,406.0,406.0,193.0,193.0,193.0,863.0,863.0,863.0,265.0,265.0,265.0,311.0,311.0,311.0,167.0,167.0,167.0,361.0,361.0,361.0,0.0,0.0,0.0,256.0,256.0,256.0,8.0,8.0,8.0
246,7,247,Country A,371.0,594.0,555.0,931.0,613.0,454.0,249.0,249.0,249.0,290.0,290.0,290.0,249.0,249.0,249.0,156.0,156.0,156.0,765.0,765.0,765.0,251.0,251.0,251.0,252.0,252.0,252.0,333.0,333.0,333.0,417.0,417.0,417.0,200.0,200.0,200.0,308.0,308.0,308.0,177.0,177.0,177.0
247,8,248,Country A,304.0,240.0,461.0,745.0,442.0,366.0,15.0,15.0,15.0,124.0,124.0,124.0,109.0,109.0,109.0,91.0,91.0,91.0,611.0,611.0,611.0,199.0,199.0,199.0,196.0,196.0,196.0,0.0,0.0,0.0,417.0,417.0,417.0,0.0,0.0,0.0,308.0,308.0,308.0,9.0,9.0,9.0
248,9,249,Country A,287.0,188.0,424.0,732.0,488.0,279.0,234.0,234.0,234.0,150.0,150.0,150.0,198.0,198.0,198.0,73.0,73.0,73.0,595.0,595.0,595.0,210.0,210.0,210.0,215.0,215.0,215.0,0.0,0.0,0.0,417.0,417.0,417.0,100.0,100.0,100.0,333.0,333.0,333.0,243.0,243.0,243.0
249,10,250,Country A,307.0,462.0,442.0,683.0,490.0,344.0,393.0,393.0,393.0,219.0,219.0,219.0,254.0,254.0,254.0,111.0,111.0,111.0,603.0,603.0,603.0,228.0,228.0,228.0,443.0,443.0,443.0,0.0,0.0,0.0,417.0,417.0,417.0,200.0,200.0,200.0,385.0,385.0,385.0,467.0,467.0,467.0
250,11,251,Country A,323.0,355.0,564.0,633.0,590.0,432.0,317.0,317.0,317.0,331.0,331.0,331.0,311.0,311.0,311.0,138.0,138.0,138.0,615.0,615.0,615.0,218.0,218.0,218.0,241.0,241.0,241.0,0.0,0.0,0.0,417.0,417.0,417.0,0.0,0.0,0.0,385.0,385.0,385.0,326.0,326.0,326.0
251,0,252,Country A,262.0,579.0,355.0,539.0,478.0,299.0,305.0,305.0,305.0,259.0,259.0,259.0,214.0,214.0,214.0,180.0,180.0,180.0,528.0,528.0,528.0,184.0,184.0,184.0,195.0,195.0,195.0,0.0,0.0,0.0,417.0,417.0,417.0,0.0,0.0,0.0,385.0,385.0,385.0,279.0,279.0,279.0
252,1,253,Country A,266.0,195.0,353.0,449.0,279.0,128.0,179.0,179.0,179.0,272.0,272.0,272.0,249.0,249.0,249.0,181.0,181.0,181.0,445.0,445.0,445.0,187.0,187.0,187.0,213.0,213.0,213.0,0.0,0.0,0.0,417.0,417.0,417.0,0.0,0.0,0.0,385.0,385.0,385.0,138.0,138.0,138.0
253,2,254,Country A,531.0,247.0,371.0,673.0,319.0,158.0,297.0,297.0,297.0,326.0,326.0,326.0,357.0,357.0,357.0,173.0,173.0,173.0,757.0,757.0,757.0,267.0,267.0,267.0,367.0,367.0,367.0,333.0,333.0,333.0,472.0,472.0,472.0,0.0,0.0,0.0,385.0,385.0,385.0,238.0,238.0,238.0
254,3,255,Country A,621.0,553.0,498.0,932.0,592.0,334.0,457.0,457.0,457.0,351.0,351.0,351.0,411.0,411.0,411.0,142.0,142.0,142.0,955.0,955.0,955.0,322.0,322.0,322.0,356.0,356.0,356.0,0.0,0.0,0.0,472.0,472.0,472.0,100.0,100.0,100.0,410.0,410.0,410.0,393.0,393.0,393.0
255,4,256,Country A,451.0,450.0,521.0,798.0,615.0,332.0,436.0,436.0,436.0,492.0,492.0,492.0,514.0,514.0,514.0,174.0,174.0,174.0,794.0,794.0,794.0,256.0,256.0,256.0,274.0,274.0,274.0,0.0,0.0,0.0,472.0,472.0,472.0,0.0,0.0,0.0,410.0,410.0,410.0,462.0,462.0,462.0
256,5,257,Country A,420.0,735.0,512.0,721.0,693.0,394.0,283.0,283.0,283.0,329.0,329.0,329.0,297.0,297.0,297.0,101.0,101.0,101.0,673.0,673.0,673.0,232.0,232.0,232.0,209.0,209.0,209.0,0.0,0.0,0.0,472.0,472.0,472.0,0.0,0.0,0.0,410.0,410.0,410.0,503.0,503.0,503.0
257,6,258,Country A,544.0,475.0,494.0,871.0,831.0,369.0,365.0,365.0,365.0,228.0,228.0,228.0,319.0,319.0,319.0,87.0,87.0,87.0,853.0,853.0,853.0,307.0,307.0,307.0,247.0,247.0,247.0,1000.0,1000.0,1000.0,639.0,639.0,639.0,0.0,0.0,0.0,410.0,410.0,410.0,451.0,451.0,451.0
